artista,fecha,visitas,diferencia
Bom Bom Chip,2019-03-11,18,123
Bom Bom Chip,2019-03-12,11,
Bom Bom Chip,2019-03-13,25,
Bom Bom Chip,2019-03-14,30,
Bom Bom Chip,2019-03-15,24,
Bom Bom Chip,2019-03-16,25,
Bom Bom Chip,2019-03-17,16,
Bom Bom Chip,2019-03-18,16,
Bom Bom Chip,2019-03-19,22,
Bom Bom Chip,2019-03-20,15,
Bom Bom Chip,2019-03-21,32,
Bom Bom Chip,2019-03-22,19,
Bom Bom Chip,2019-03-23,21,
Bom Bom Chip,2019-03-24,30,
Bom Bom Chip,2019-03-25,18,
Bom Bom Chip,2019-03-26,21,
Bom Bom Chip,2019-03-27,19,
Bom Bom Chip,2019-03-28,19,
Bom Bom Chip,2019-03-29,19,
Bom Bom Chip,2019-03-30,17,
Bom Bom Chip,2019-03-31,18,
Bom Bom Chip,2019-04-01,19,
Bom Bom Chip,2019-04-02,39,
Bom Bom Chip,2019-04-03,22,
Bom Bom Chip,2019-04-04,16,
Bom Bom Chip,2019-04-05,27,
Bom Bom Chip,2019-04-06,32,
Bom Bom Chip,2019-04-07,10,
Bom Bom Chip,2019-04-08,17,
Bom Bom Chip,2019-04-09,10,
Bom Bom Chip,2019-04-10,15,
Bom Bom Chip,2019-04-11,29,
Bom Bom Chip,2019-04-12,19,
Bom Bom Chip,2019-04-13,22,
Bom Bom Chip,2019-04-14,22,
Bom Bom Chip,2019-04-15,19,
Bom Bom Chip,2019-04-16,11,
Bom Bom Chip,2019-04-17,17,
Bom Bom Chip,2019-04-18,15,
Bom Bom Chip,2019-04-19,13,
Bom Bom Chip,2019-04-20,18,
Bom Bom Chip,2019-04-21,13,
Bom Bom Chip,2019-04-22,11,
Bom Bom Chip,2019-04-23,15,
Bom Bom Chip,2019-04-24,13,
Bom Bom Chip,2019-04-25,24,
Bom Bom Chip,2019-04-26,23,
Bom Bom Chip,2019-04-27,25,
Bom Bom Chip,2019-04-28,17,
Bom Bom Chip,2019-04-29,11,
Bom Bom Chip,2019-04-30,16,
Bom Bom Chip,2019-05-01,20,
Bom Bom Chip,2019-05-02,18,
Bom Bom Chip,2019-05-03,12,
Bom Bom Chip,2019-05-04,26,
Bom Bom Chip,2019-05-05,28,
Bom Bom Chip,2019-05-06,25,
Bom Bom Chip,2019-05-07,14,
Bom Bom Chip,2019-05-08,16,
Bom Bom Chip,2019-05-09,28,
Bom Bom Chip,2019-05-10,17,
Bom Bom Chip,2019-05-11,16,
Bom Bom Chip,2019-05-12,16,
Bom Bom Chip,2019-05-13,1247,
Bom Bom Chip,2019-05-14,225,
Bom Bom Chip,2019-05-15,82,
Bom Bom Chip,2019-05-16,43,
Bom Bom Chip,2019-05-17,41,
Bom Bom Chip,2019-05-18,28,
Bom Bom Chip,2019-05-19,41,
Bom Bom Chip,2019-05-20,29,
Bom Bom Chip,2019-05-21,32,
Bom Bom Chip,2019-05-22,21,
Bom Bom Chip,2019-05-23,24,
Bom Bom Chip,2019-05-24,19,
Bom Bom Chip,2019-05-25,254,
Bom Bom Chip,2019-05-26,32,
Bom Bom Chip,2019-05-27,719,
Bom Bom Chip,2019-05-28,70,
Bom Bom Chip,2019-05-29,38,
Bom Bom Chip,2019-05-30,29,
Bom Bom Chip,2019-05-31,31,
Bom Bom Chip,2019-06-01,98,
Bom Bom Chip,2019-06-02,20,
Bom Bom Chip,2019-06-03,22,
Bom Bom Chip,2019-06-04,27,
Bom Bom Chip,2019-06-05,17,
Bom Bom Chip,2019-06-06,16,
Bom Bom Chip,2019-06-07,43,
Bom Bom Chip,2019-06-08,25,
Bom Bom Chip,2019-06-09,22,
Bom Bom Chip,2019-06-10,35,
Bom Bom Chip,2019-06-11,105,
Bom Bom Chip,2019-06-12,24,
Bom Bom Chip,2019-06-13,17,
Bom Bom Chip,2019-06-14,25,
Bom Bom Chip,2019-06-15,21,
Bom Bom Chip,2019-06-16,23,
Bom Bom Chip,2019-06-17,24,
Bom Bom Chip,2019-06-18,47,
Chantal Goya,2019-03-11,4,1400
Chantal Goya,2019-03-12,1,
Chantal Goya,2019-03-13,1,
Chantal Goya,2019-03-14,5,
Chantal Goya,2019-03-15,3,
Chantal Goya,2019-03-16,3,
Chantal Goya,2019-03-17,3,
Chantal Goya,2019-03-18,4,
Chantal Goya,2019-03-19,7,
Chantal Goya,2019-03-20,2,
Chantal Goya,2019-03-21,2,
Chantal Goya,2019-03-23,2,
Chantal Goya,2019-03-24,1,
Chantal Goya,2019-03-25,2,
Chantal Goya,2019-03-26,3,
Chantal Goya,2019-03-27,5,
Chantal Goya,2019-03-28,3,
Chantal Goya,2019-03-29,5,
Chantal Goya,2019-03-30,4,
Chantal Goya,2019-03-31,4,
Chantal Goya,2019-04-01,5,
Chantal Goya,2019-04-02,3,
Chantal Goya,2019-04-03,6,
Chantal Goya,2019-04-04,3,
Chantal Goya,2019-04-05,1,
Chantal Goya,2019-04-06,3,
Chantal Goya,2019-04-07,9,
Chantal Goya,2019-04-08,5,
Chantal Goya,2019-04-09,5,
Chantal Goya,2019-04-10,7,
Chantal Goya,2019-04-11,1,
Chantal Goya,2019-04-12,6,
Chantal Goya,2019-04-13,1,
Chantal Goya,2019-04-14,5,
Chantal Goya,2019-04-15,7,
Chantal Goya,2019-04-16,3,
Chantal Goya,2019-04-17,3,
Chantal Goya,2019-04-18,3,
Chantal Goya,2019-04-19,9,
Chantal Goya,2019-04-20,8,
Chantal Goya,2019-04-21,2,
Chantal Goya,2019-04-22,6,
Chantal Goya,2019-04-23,5,
Chantal Goya,2019-04-24,6,
Chantal Goya,2019-04-25,3,
Chantal Goya,2019-04-26,5,
Chantal Goya,2019-04-27,7,
Chantal Goya,2019-04-28,7,
Chantal Goya,2019-04-29,2,
Chantal Goya,2019-04-30,11,
Chantal Goya,2019-05-01,4,
Chantal Goya,2019-05-02,8,
Chantal Goya,2019-05-03,15,
Chantal Goya,2019-05-04,6,
Chantal Goya,2019-05-05,10,
Chantal Goya,2019-05-06,10,
Chantal Goya,2019-05-07,9,
Chantal Goya,2019-05-08,6,
Chantal Goya,2019-05-09,4,
Chantal Goya,2019-05-10,12,
Chantal Goya,2019-05-11,3,
Chantal Goya,2019-05-12,1,
Chantal Goya,2019-05-13,10,
Chantal Goya,2019-05-14,8,
Chantal Goya,2019-05-15,6,
Chantal Goya,2019-05-16,7,
Chantal Goya,2019-05-17,6,
Chantal Goya,2019-05-18,5,
Chantal Goya,2019-05-19,3,
Chantal Goya,2019-05-20,4,
Chantal Goya,2019-05-21,3,
Chantal Goya,2019-05-22,2,
Chantal Goya,2019-05-23,5,
Chantal Goya,2019-05-24,10,
Chantal Goya,2019-05-25,1,
Chantal Goya,2019-05-26,4,
Chantal Goya,2019-05-27,7,
Chantal Goya,2019-05-28,4,
Chantal Goya,2019-05-29,8,
Chantal Goya,2019-05-30,5,
Chantal Goya,2019-05-31,9,
Chantal Goya,2019-06-01,12,
Chantal Goya,2019-06-02,3,
Chantal Goya,2019-06-03,8,
Chantal Goya,2019-06-04,10,
Chantal Goya,2019-06-05,2,
Chantal Goya,2019-06-06,4,
Chantal Goya,2019-06-07,10,
Chantal Goya,2019-06-08,2,
Chantal Goya,2019-06-09,7,
Chantal Goya,2019-06-10,12,
Chantal Goya,2019-06-11,75,
Chantal Goya,2019-06-12,11,
Chantal Goya,2019-06-13,12,
Chantal Goya,2019-06-14,8,
Chantal Goya,2019-06-15,4,
Chantal Goya,2019-06-16,7,
Chantal Goya,2019-06-17,4,
Chantal Goya,2019-06-18,4,
Enrique y Ana,2019-03-11,129,489
Enrique y Ana,2019-03-12,139,
Enrique y Ana,2019-03-13,164,
Enrique y Ana,2019-03-14,247,
Enrique y Ana,2019-03-15,174,
Enrique y Ana,2019-03-16,143,
Enrique y Ana,2019-03-17,188,
Enrique y Ana,2019-03-18,114,
Enrique y Ana,2019-03-19,127,
Enrique y Ana,2019-03-20,137,
Enrique y Ana,2019-03-21,110,
Enrique y Ana,2019-03-22,157,
Enrique y Ana,2019-03-23,138,
Enrique y Ana,2019-03-24,132,
Enrique y Ana,2019-03-25,127,
Enrique y Ana,2019-03-26,154,
Enrique y Ana,2019-03-27,125,
Enrique y Ana,2019-03-28,153,
Enrique y Ana,2019-03-29,156,
Enrique y Ana,2019-03-30,140,
Enrique y Ana,2019-03-31,170,
Enrique y Ana,2019-04-01,118,
Enrique y Ana,2019-04-02,76,
Enrique y Ana,2019-04-03,115,
Enrique y Ana,2019-04-04,195,
Enrique y Ana,2019-04-05,114,
Enrique y Ana,2019-04-06,125,
Enrique y Ana,2019-04-07,124,
Enrique y Ana,2019-04-08,108,
Enrique y Ana,2019-04-09,106,
Enrique y Ana,2019-04-10,144,
Enrique y Ana,2019-04-11,102,
Enrique y Ana,2019-04-12,104,
Enrique y Ana,2019-04-13,126,
Enrique y Ana,2019-04-14,100,
Enrique y Ana,2019-04-15,107,
Enrique y Ana,2019-04-16,97,
Enrique y Ana,2019-04-17,118,
Enrique y Ana,2019-04-18,144,
Enrique y Ana,2019-04-19,121,
Enrique y Ana,2019-04-20,166,
Enrique y Ana,2019-04-21,118,
Enrique y Ana,2019-04-22,131,
Enrique y Ana,2019-04-23,103,
Enrique y Ana,2019-04-24,76,
Enrique y Ana,2019-04-25,109,
Enrique y Ana,2019-04-26,108,
Enrique y Ana,2019-04-27,128,
Enrique y Ana,2019-04-28,131,
Enrique y Ana,2019-04-29,136,
Enrique y Ana,2019-04-30,135,
Enrique y Ana,2019-05-01,145,
Enrique y Ana,2019-05-02,133,
Enrique y Ana,2019-05-03,137,
Enrique y Ana,2019-05-04,160,
Enrique y Ana,2019-05-05,147,
Enrique y Ana,2019-05-06,131,
Enrique y Ana,2019-05-07,103,
Enrique y Ana,2019-05-08,118,
Enrique y Ana,2019-05-09,2051,
Enrique y Ana,2019-05-10,358,
Enrique y Ana,2019-05-11,227,
Enrique y Ana,2019-05-12,201,
Enrique y Ana,2019-05-13,169,
Enrique y Ana,2019-05-14,111,
Enrique y Ana,2019-05-15,150,
Enrique y Ana,2019-05-16,136,
Enrique y Ana,2019-05-17,162,
Enrique y Ana,2019-05-18,162,
Enrique y Ana,2019-05-19,159,
Enrique y Ana,2019-05-20,120,
Enrique y Ana,2019-05-21,161,
Enrique y Ana,2019-05-22,160,
Enrique y Ana,2019-05-23,140,
Enrique y Ana,2019-05-24,148,
Enrique y Ana,2019-05-25,111,
Enrique y Ana,2019-05-26,133,
Enrique y Ana,2019-05-27,119,
Enrique y Ana,2019-05-28,135,
Enrique y Ana,2019-05-29,94,
Enrique y Ana,2019-05-30,120,
Enrique y Ana,2019-05-31,123,
Enrique y Ana,2019-06-01,115,
Enrique y Ana,2019-06-02,124,
Enrique y Ana,2019-06-03,127,
Enrique y Ana,2019-06-04,98,
Enrique y Ana,2019-06-05,142,
Enrique y Ana,2019-06-06,137,
Enrique y Ana,2019-06-07,272,
Enrique y Ana,2019-06-08,120,
Enrique y Ana,2019-06-09,167,
Enrique y Ana,2019-06-10,89,
Enrique y Ana,2019-06-11,938,
Enrique y Ana,2019-06-12,251,
Enrique y Ana,2019-06-13,131,
Enrique y Ana,2019-06-14,146,
Enrique y Ana,2019-06-15,132,
Enrique y Ana,2019-06-16,155,
Enrique y Ana,2019-06-17,133,
Enrique y Ana,2019-06-18,234,
Guido y Maurizio De Angelis,2019-03-11,2,271
Guido y Maurizio De Angelis,2019-03-12,5,
Guido y Maurizio De Angelis,2019-03-13,6,
Guido y Maurizio De Angelis,2019-03-14,10,
Guido y Maurizio De Angelis,2019-03-15,5,
Guido y Maurizio De Angelis,2019-03-16,11,
Guido y Maurizio De Angelis,2019-03-17,24,
Guido y Maurizio De Angelis,2019-03-18,14,
Guido y Maurizio De Angelis,2019-03-19,4,
Guido y Maurizio De Angelis,2019-03-20,6,
Guido y Maurizio De Angelis,2019-03-21,4,
Guido y Maurizio De Angelis,2019-03-22,5,
Guido y Maurizio De Angelis,2019-03-23,9,
Guido y Maurizio De Angelis,2019-03-24,12,
Guido y Maurizio De Angelis,2019-03-25,2,
Guido y Maurizio De Angelis,2019-03-26,2,
Guido y Maurizio De Angelis,2019-03-27,6,
Guido y Maurizio De Angelis,2019-03-28,6,
Guido y Maurizio De Angelis,2019-03-29,15,
Guido y Maurizio De Angelis,2019-03-30,1,
Guido y Maurizio De Angelis,2019-03-31,8,
Guido y Maurizio De Angelis,2019-04-01,3,
Guido y Maurizio De Angelis,2019-04-02,6,
Guido y Maurizio De Angelis,2019-04-03,11,
Guido y Maurizio De Angelis,2019-04-04,7,
Guido y Maurizio De Angelis,2019-04-05,12,
Guido y Maurizio De Angelis,2019-04-06,7,
Guido y Maurizio De Angelis,2019-04-07,18,
Guido y Maurizio De Angelis,2019-04-08,4,
Guido y Maurizio De Angelis,2019-04-09,9,
Guido y Maurizio De Angelis,2019-04-10,3,
Guido y Maurizio De Angelis,2019-04-11,3,
Guido y Maurizio De Angelis,2019-04-12,4,
Guido y Maurizio De Angelis,2019-04-13,15,
Guido y Maurizio De Angelis,2019-04-14,4,
Guido y Maurizio De Angelis,2019-04-15,4,
Guido y Maurizio De Angelis,2019-04-16,6,
Guido y Maurizio De Angelis,2019-04-17,9,
Guido y Maurizio De Angelis,2019-04-18,14,
Guido y Maurizio De Angelis,2019-04-19,4,
Guido y Maurizio De Angelis,2019-04-20,3,
Guido y Maurizio De Angelis,2019-04-21,8,
Guido y Maurizio De Angelis,2019-04-22,6,
Guido y Maurizio De Angelis,2019-04-23,7,
Guido y Maurizio De Angelis,2019-04-24,5,
Guido y Maurizio De Angelis,2019-04-25,5,
Guido y Maurizio De Angelis,2019-04-26,4,
Guido y Maurizio De Angelis,2019-04-27,7,
Guido y Maurizio De Angelis,2019-04-28,4,
Guido y Maurizio De Angelis,2019-04-29,3,
Guido y Maurizio De Angelis,2019-04-30,5,
Guido y Maurizio De Angelis,2019-05-01,10,
Guido y Maurizio De Angelis,2019-05-02,5,
Guido y Maurizio De Angelis,2019-05-03,6,
Guido y Maurizio De Angelis,2019-05-04,3,
Guido y Maurizio De Angelis,2019-05-05,5,
Guido y Maurizio De Angelis,2019-05-06,7,
Guido y Maurizio De Angelis,2019-05-07,10,
Guido y Maurizio De Angelis,2019-05-08,5,
Guido y Maurizio De Angelis,2019-05-09,6,
Guido y Maurizio De Angelis,2019-05-10,6,
Guido y Maurizio De Angelis,2019-05-11,4,
Guido y Maurizio De Angelis,2019-05-12,6,
Guido y Maurizio De Angelis,2019-05-13,3,
Guido y Maurizio De Angelis,2019-05-14,5,
Guido y Maurizio De Angelis,2019-05-15,6,
Guido y Maurizio De Angelis,2019-05-16,4,
Guido y Maurizio De Angelis,2019-05-17,2,
Guido y Maurizio De Angelis,2019-05-18,12,
Guido y Maurizio De Angelis,2019-05-19,3,
Guido y Maurizio De Angelis,2019-05-20,11,
Guido y Maurizio De Angelis,2019-05-21,1,
Guido y Maurizio De Angelis,2019-05-22,2,
Guido y Maurizio De Angelis,2019-05-23,5,
Guido y Maurizio De Angelis,2019-05-24,3,
Guido y Maurizio De Angelis,2019-05-25,12,
Guido y Maurizio De Angelis,2019-05-26,3,
Guido y Maurizio De Angelis,2019-05-27,2,
Guido y Maurizio De Angelis,2019-05-28,5,
Guido y Maurizio De Angelis,2019-05-29,11,
Guido y Maurizio De Angelis,2019-05-30,4,
Guido y Maurizio De Angelis,2019-05-31,1,
Guido y Maurizio De Angelis,2019-06-01,5,
Guido y Maurizio De Angelis,2019-06-02,6,
Guido y Maurizio De Angelis,2019-06-03,4,
Guido y Maurizio De Angelis,2019-06-04,4,
Guido y Maurizio De Angelis,2019-06-05,4,
Guido y Maurizio De Angelis,2019-06-06,4,
Guido y Maurizio De Angelis,2019-06-07,11,
Guido y Maurizio De Angelis,2019-06-08,3,
Guido y Maurizio De Angelis,2019-06-09,6,
Guido y Maurizio De Angelis,2019-06-10,8,
Guido y Maurizio De Angelis,2019-06-11,26,
Guido y Maurizio De Angelis,2019-06-12,23,
Guido y Maurizio De Angelis,2019-06-13,8,
Guido y Maurizio De Angelis,2019-06-14,5,
Guido y Maurizio De Angelis,2019-06-15,7,
Guido y Maurizio De Angelis,2019-06-16,9,
Guido y Maurizio De Angelis,2019-06-17,5,
Guido y Maurizio De Angelis,2019-06-18,99,
Joaquín Díaz González,2019-03-11,27,36
Joaquín Díaz González,2019-03-12,31,
Joaquín Díaz González,2019-03-13,33,
Joaquín Díaz González,2019-03-14,23,
Joaquín Díaz González,2019-03-15,27,
Joaquín Díaz González,2019-03-16,36,
Joaquín Díaz González,2019-03-17,32,
Joaquín Díaz González,2019-03-18,32,
Joaquín Díaz González,2019-03-19,21,
Joaquín Díaz González,2019-03-20,31,
Joaquín Díaz González,2019-03-21,34,
Joaquín Díaz González,2019-03-22,21,
Joaquín Díaz González,2019-03-23,34,
Joaquín Díaz González,2019-03-24,23,
Joaquín Díaz González,2019-03-25,28,
Joaquín Díaz González,2019-03-26,30,
Joaquín Díaz González,2019-03-27,15,
Joaquín Díaz González,2019-03-28,33,
Joaquín Díaz González,2019-03-29,36,
Joaquín Díaz González,2019-03-30,13,
Joaquín Díaz González,2019-03-31,25,
Joaquín Díaz González,2019-04-01,25,
Joaquín Díaz González,2019-04-02,34,
Joaquín Díaz González,2019-04-03,19,
Joaquín Díaz González,2019-04-04,23,
Joaquín Díaz González,2019-04-05,27,
Joaquín Díaz González,2019-04-06,34,
Joaquín Díaz González,2019-04-07,35,
Joaquín Díaz González,2019-04-08,20,
Joaquín Díaz González,2019-04-09,28,
Joaquín Díaz González,2019-04-10,27,
Joaquín Díaz González,2019-04-11,29,
Joaquín Díaz González,2019-04-12,19,
Joaquín Díaz González,2019-04-13,22,
Joaquín Díaz González,2019-04-14,13,
Joaquín Díaz González,2019-04-15,19,
Joaquín Díaz González,2019-04-16,14,
Joaquín Díaz González,2019-04-17,20,
Joaquín Díaz González,2019-04-18,38,
Joaquín Díaz González,2019-04-19,36,
Joaquín Díaz González,2019-04-20,25,
Joaquín Díaz González,2019-04-21,34,
Joaquín Díaz González,2019-04-22,18,
Joaquín Díaz González,2019-04-23,29,
Joaquín Díaz González,2019-04-24,38,
Joaquín Díaz González,2019-04-25,30,
Joaquín Díaz González,2019-04-26,37,
Joaquín Díaz González,2019-04-27,36,
Joaquín Díaz González,2019-04-28,42,
Joaquín Díaz González,2019-04-29,31,
Joaquín Díaz González,2019-04-30,24,
Joaquín Díaz González,2019-05-01,36,
Joaquín Díaz González,2019-05-02,32,
Joaquín Díaz González,2019-05-03,37,
Joaquín Díaz González,2019-05-04,36,
Joaquín Díaz González,2019-05-05,163,
Joaquín Díaz González,2019-05-06,29,
Joaquín Díaz González,2019-05-07,25,
Joaquín Díaz González,2019-05-08,43,
Joaquín Díaz González,2019-05-09,36,
Joaquín Díaz González,2019-05-10,28,
Joaquín Díaz González,2019-05-11,22,
Joaquín Díaz González,2019-05-12,25,
Joaquín Díaz González,2019-05-13,30,
Joaquín Díaz González,2019-05-14,25,
Joaquín Díaz González,2019-05-15,32,
Joaquín Díaz González,2019-05-16,26,
Joaquín Díaz González,2019-05-17,22,
Joaquín Díaz González,2019-05-18,52,
Joaquín Díaz González,2019-05-19,26,
Joaquín Díaz González,2019-05-20,48,
Joaquín Díaz González,2019-05-21,38,
Joaquín Díaz González,2019-05-22,35,
Joaquín Díaz González,2019-05-23,47,
Joaquín Díaz González,2019-05-24,46,
Joaquín Díaz González,2019-05-25,23,
Joaquín Díaz González,2019-05-26,23,
Joaquín Díaz González,2019-05-27,20,
Joaquín Díaz González,2019-05-28,36,
Joaquín Díaz González,2019-05-29,23,
Joaquín Díaz González,2019-05-30,27,
Joaquín Díaz González,2019-05-31,18,
Joaquín Díaz González,2019-06-01,24,
Joaquín Díaz González,2019-06-02,14,
Joaquín Díaz González,2019-06-03,22,
Joaquín Díaz González,2019-06-04,23,
Joaquín Díaz González,2019-06-05,22,
Joaquín Díaz González,2019-06-06,17,
Joaquín Díaz González,2019-06-07,25,
Joaquín Díaz González,2019-06-08,24,
Joaquín Díaz González,2019-06-09,25,
Joaquín Díaz González,2019-06-10,18,
Joaquín Díaz González,2019-06-11,41,
Joaquín Díaz González,2019-06-12,23,
Joaquín Díaz González,2019-06-13,36,
Joaquín Díaz González,2019-06-14,33,
Joaquín Díaz González,2019-06-15,38,
Joaquín Díaz González,2019-06-16,44,
Joaquín Díaz González,2019-06-17,30,
Joaquín Díaz González,2019-06-18,37,
José Luis Perales,2019-03-11,455,112
José Luis Perales,2019-03-12,425,
José Luis Perales,2019-03-13,484,
José Luis Perales,2019-03-14,486,
José Luis Perales,2019-03-15,405,
José Luis Perales,2019-03-16,478,
José Luis Perales,2019-03-17,578,
José Luis Perales,2019-03-18,529,
José Luis Perales,2019-03-19,481,
José Luis Perales,2019-03-20,504,
José Luis Perales,2019-03-21,849,
José Luis Perales,2019-03-22,541,
José Luis Perales,2019-03-23,551,
José Luis Perales,2019-03-24,576,
José Luis Perales,2019-03-25,485,
José Luis Perales,2019-03-26,447,
José Luis Perales,2019-03-27,561,
José Luis Perales,2019-03-28,465,
José Luis Perales,2019-03-29,448,
José Luis Perales,2019-03-30,495,
José Luis Perales,2019-03-31,559,
José Luis Perales,2019-04-01,463,
José Luis Perales,2019-04-02,401,
José Luis Perales,2019-04-03,489,
José Luis Perales,2019-04-04,541,
José Luis Perales,2019-04-05,677,
José Luis Perales,2019-04-06,638,
José Luis Perales,2019-04-07,694,
José Luis Perales,2019-04-08,473,
José Luis Perales,2019-04-09,484,
José Luis Perales,2019-04-10,420,
José Luis Perales,2019-04-11,483,
José Luis Perales,2019-04-12,406,
José Luis Perales,2019-04-13,557,
José Luis Perales,2019-04-14,573,
José Luis Perales,2019-04-15,390,
José Luis Perales,2019-04-16,399,
José Luis Perales,2019-04-17,407,
José Luis Perales,2019-04-18,460,
José Luis Perales,2019-04-19,519,
José Luis Perales,2019-04-20,473,
José Luis Perales,2019-04-21,664,
José Luis Perales,2019-04-22,420,
José Luis Perales,2019-04-23,410,
José Luis Perales,2019-04-24,434,
José Luis Perales,2019-04-25,461,
José Luis Perales,2019-04-26,491,
José Luis Perales,2019-04-27,585,
José Luis Perales,2019-04-28,652,
José Luis Perales,2019-04-29,548,
José Luis Perales,2019-04-30,442,
José Luis Perales,2019-05-01,526,
José Luis Perales,2019-05-02,566,
José Luis Perales,2019-05-03,524,
José Luis Perales,2019-05-04,602,
José Luis Perales,2019-05-05,653,
José Luis Perales,2019-05-06,467,
José Luis Perales,2019-05-07,561,
José Luis Perales,2019-05-08,440,
José Luis Perales,2019-05-09,434,
José Luis Perales,2019-05-10,538,
José Luis Perales,2019-05-11,550,
José Luis Perales,2019-05-12,630,
José Luis Perales,2019-05-13,453,
José Luis Perales,2019-05-14,458,
José Luis Perales,2019-05-15,696,
José Luis Perales,2019-05-16,580,
José Luis Perales,2019-05-17,571,
José Luis Perales,2019-05-18,577,
José Luis Perales,2019-05-19,741,
José Luis Perales,2019-05-20,481,
José Luis Perales,2019-05-21,569,
José Luis Perales,2019-05-22,523,
José Luis Perales,2019-05-23,551,
José Luis Perales,2019-05-24,535,
José Luis Perales,2019-05-25,544,
José Luis Perales,2019-05-26,1163,
José Luis Perales,2019-05-27,430,
José Luis Perales,2019-05-28,634,
José Luis Perales,2019-05-29,515,
José Luis Perales,2019-05-30,431,
José Luis Perales,2019-05-31,510,
José Luis Perales,2019-06-01,524,
José Luis Perales,2019-06-02,578,
José Luis Perales,2019-06-03,406,
José Luis Perales,2019-06-04,574,
José Luis Perales,2019-06-05,408,
José Luis Perales,2019-06-06,537,
José Luis Perales,2019-06-07,493,
José Luis Perales,2019-06-08,521,
José Luis Perales,2019-06-09,608,
José Luis Perales,2019-06-10,439,
José Luis Perales,2019-06-11,1111,
José Luis Perales,2019-06-12,564,
José Luis Perales,2019-06-13,431,
José Luis Perales,2019-06-14,444,
José Luis Perales,2019-06-15,444,
José Luis Perales,2019-06-16,537,
José Luis Perales,2019-06-17,411,
José Luis Perales,2019-06-18,455,
La Pandilla,2019-03-11,26,258
La Pandilla,2019-03-12,36,
La Pandilla,2019-03-13,30,
La Pandilla,2019-03-14,27,
La Pandilla,2019-03-15,26,
La Pandilla,2019-03-16,35,
La Pandilla,2019-03-17,27,
La Pandilla,2019-03-18,43,
La Pandilla,2019-03-19,25,
La Pandilla,2019-03-20,26,
La Pandilla,2019-03-21,33,
La Pandilla,2019-03-22,21,
La Pandilla,2019-03-23,31,
La Pandilla,2019-03-24,25,
La Pandilla,2019-03-25,172,
La Pandilla,2019-03-26,40,
La Pandilla,2019-03-27,35,
La Pandilla,2019-03-28,21,
La Pandilla,2019-03-29,36,
La Pandilla,2019-03-30,34,
La Pandilla,2019-03-31,24,
La Pandilla,2019-04-01,26,
La Pandilla,2019-04-02,43,
La Pandilla,2019-04-03,35,
La Pandilla,2019-04-04,30,
La Pandilla,2019-04-05,29,
La Pandilla,2019-04-06,25,
La Pandilla,2019-04-07,41,
La Pandilla,2019-04-08,34,
La Pandilla,2019-04-09,72,
La Pandilla,2019-04-10,50,
La Pandilla,2019-04-11,25,
La Pandilla,2019-04-12,27,
La Pandilla,2019-04-13,28,
La Pandilla,2019-04-14,27,
La Pandilla,2019-04-15,24,
La Pandilla,2019-04-16,30,
La Pandilla,2019-04-17,25,
La Pandilla,2019-04-18,19,
La Pandilla,2019-04-19,28,
La Pandilla,2019-04-20,27,
La Pandilla,2019-04-21,37,
La Pandilla,2019-04-22,36,
La Pandilla,2019-04-23,37,
La Pandilla,2019-04-24,42,
La Pandilla,2019-04-25,22,
La Pandilla,2019-04-26,19,
La Pandilla,2019-04-27,36,
La Pandilla,2019-04-28,22,
La Pandilla,2019-04-29,44,
La Pandilla,2019-04-30,44,
La Pandilla,2019-05-01,44,
La Pandilla,2019-05-02,22,
La Pandilla,2019-05-03,21,
La Pandilla,2019-05-04,36,
La Pandilla,2019-05-05,40,
La Pandilla,2019-05-06,22,
La Pandilla,2019-05-07,24,
La Pandilla,2019-05-08,37,
La Pandilla,2019-05-09,63,
La Pandilla,2019-05-10,35,
La Pandilla,2019-05-11,27,
La Pandilla,2019-05-12,43,
La Pandilla,2019-05-13,18,
La Pandilla,2019-05-14,43,
La Pandilla,2019-05-15,40,
La Pandilla,2019-05-16,26,
La Pandilla,2019-05-17,39,
La Pandilla,2019-05-18,30,
La Pandilla,2019-05-19,31,
La Pandilla,2019-05-20,29,
La Pandilla,2019-05-21,35,
La Pandilla,2019-05-22,48,
La Pandilla,2019-05-23,25,
La Pandilla,2019-05-24,36,
La Pandilla,2019-05-25,29,
La Pandilla,2019-05-26,29,
La Pandilla,2019-05-27,30,
La Pandilla,2019-05-28,24,
La Pandilla,2019-05-29,32,
La Pandilla,2019-05-30,33,
La Pandilla,2019-05-31,33,
La Pandilla,2019-06-01,23,
La Pandilla,2019-06-02,33,
La Pandilla,2019-06-03,30,
La Pandilla,2019-06-04,30,
La Pandilla,2019-06-05,29,
La Pandilla,2019-06-06,23,
La Pandilla,2019-06-07,33,
La Pandilla,2019-06-08,28,
La Pandilla,2019-06-09,33,
La Pandilla,2019-06-10,11,
La Pandilla,2019-06-11,122,
La Pandilla,2019-06-12,55,
La Pandilla,2019-06-13,113,
La Pandilla,2019-06-14,32,
La Pandilla,2019-06-15,50,
La Pandilla,2019-06-16,28,
La Pandilla,2019-06-17,33,
La Pandilla,2019-06-18,48,
Los Lunnis,2019-03-11,53,56
Los Lunnis,2019-03-12,57,
Los Lunnis,2019-03-13,67,
Los Lunnis,2019-03-14,86,
Los Lunnis,2019-03-15,88,
Los Lunnis,2019-03-16,54,
Los Lunnis,2019-03-17,137,
Los Lunnis,2019-03-18,80,
Los Lunnis,2019-03-19,63,
Los Lunnis,2019-03-20,61,
Los Lunnis,2019-03-21,64,
Los Lunnis,2019-03-22,69,
Los Lunnis,2019-03-23,84,
Los Lunnis,2019-03-24,67,
Los Lunnis,2019-03-25,55,
Los Lunnis,2019-03-26,71,
Los Lunnis,2019-03-27,55,
Los Lunnis,2019-03-28,70,
Los Lunnis,2019-03-29,75,
Los Lunnis,2019-03-30,59,
Los Lunnis,2019-03-31,72,
Los Lunnis,2019-04-01,66,
Los Lunnis,2019-04-02,71,
Los Lunnis,2019-04-03,68,
Los Lunnis,2019-04-04,65,
Los Lunnis,2019-04-05,79,
Los Lunnis,2019-04-06,73,
Los Lunnis,2019-04-07,76,
Los Lunnis,2019-04-08,101,
Los Lunnis,2019-04-09,97,
Los Lunnis,2019-04-10,77,
Los Lunnis,2019-04-11,60,
Los Lunnis,2019-04-12,87,
Los Lunnis,2019-04-13,92,
Los Lunnis,2019-04-14,94,
Los Lunnis,2019-04-15,98,
Los Lunnis,2019-04-16,58,
Los Lunnis,2019-04-17,70,
Los Lunnis,2019-04-18,77,
Los Lunnis,2019-04-19,63,
Los Lunnis,2019-04-20,82,
Los Lunnis,2019-04-21,82,
Los Lunnis,2019-04-22,91,
Los Lunnis,2019-04-23,87,
Los Lunnis,2019-04-24,79,
Los Lunnis,2019-04-25,52,
Los Lunnis,2019-04-26,63,
Los Lunnis,2019-04-27,65,
Los Lunnis,2019-04-28,75,
Los Lunnis,2019-04-29,50,
Los Lunnis,2019-04-30,65,
Los Lunnis,2019-05-01,75,
Los Lunnis,2019-05-02,77,
Los Lunnis,2019-05-03,83,
Los Lunnis,2019-05-04,82,
Los Lunnis,2019-05-05,66,
Los Lunnis,2019-05-06,45,
Los Lunnis,2019-05-07,66,
Los Lunnis,2019-05-08,58,
Los Lunnis,2019-05-09,63,
Los Lunnis,2019-05-10,60,
Los Lunnis,2019-05-11,80,
Los Lunnis,2019-05-12,76,
Los Lunnis,2019-05-13,85,
Los Lunnis,2019-05-14,72,
Los Lunnis,2019-05-15,80,
Los Lunnis,2019-05-16,88,
Los Lunnis,2019-05-17,67,
Los Lunnis,2019-05-18,111,
Los Lunnis,2019-05-19,93,
Los Lunnis,2019-05-20,64,
Los Lunnis,2019-05-21,65,
Los Lunnis,2019-05-22,78,
Los Lunnis,2019-05-23,62,
Los Lunnis,2019-05-24,93,
Los Lunnis,2019-05-25,83,
Los Lunnis,2019-05-26,81,
Los Lunnis,2019-05-27,73,
Los Lunnis,2019-05-28,67,
Los Lunnis,2019-05-29,66,
Los Lunnis,2019-05-30,70,
Los Lunnis,2019-05-31,77,
Los Lunnis,2019-06-01,80,
Los Lunnis,2019-06-02,107,
Los Lunnis,2019-06-03,78,
Los Lunnis,2019-06-04,75,
Los Lunnis,2019-06-05,77,
Los Lunnis,2019-06-06,69,
Los Lunnis,2019-06-07,53,
Los Lunnis,2019-06-08,144,
Los Lunnis,2019-06-09,117,
Los Lunnis,2019-06-10,98,
Los Lunnis,2019-06-11,117,
Los Lunnis,2019-06-12,63,
Los Lunnis,2019-06-13,72,
Los Lunnis,2019-06-14,85,
Los Lunnis,2019-06-15,66,
Los Lunnis,2019-06-16,93,
Los Lunnis,2019-06-17,82,
Los Lunnis,2019-06-18,75,
Los Payasos de la Tele,2019-03-11,655,101
Los Payasos de la Tele,2019-03-12,641,
Los Payasos de la Tele,2019-03-13,425,
Los Payasos de la Tele,2019-03-14,338,
Los Payasos de la Tele,2019-03-15,261,
Los Payasos de la Tele,2019-03-16,316,
Los Payasos de la Tele,2019-03-17,351,
Los Payasos de la Tele,2019-03-18,252,
Los Payasos de la Tele,2019-03-19,259,
Los Payasos de la Tele,2019-03-20,232,
Los Payasos de la Tele,2019-03-21,246,
Los Payasos de la Tele,2019-03-22,286,
Los Payasos de la Tele,2019-03-23,262,
Los Payasos de la Tele,2019-03-24,244,
Los Payasos de la Tele,2019-03-25,203,
Los Payasos de la Tele,2019-03-26,234,
Los Payasos de la Tele,2019-03-27,209,
Los Payasos de la Tele,2019-03-28,148,
Los Payasos de la Tele,2019-03-29,164,
Los Payasos de la Tele,2019-03-30,181,
Los Payasos de la Tele,2019-03-31,227,
Los Payasos de la Tele,2019-04-01,172,
Los Payasos de la Tele,2019-04-02,153,
Los Payasos de la Tele,2019-04-03,167,
Los Payasos de la Tele,2019-04-04,188,
Los Payasos de la Tele,2019-04-05,174,
Los Payasos de la Tele,2019-04-06,192,
Los Payasos de la Tele,2019-04-07,219,
Los Payasos de la Tele,2019-04-08,159,
Los Payasos de la Tele,2019-04-09,135,
Los Payasos de la Tele,2019-04-10,148,
Los Payasos de la Tele,2019-04-11,147,
Los Payasos de la Tele,2019-04-12,165,
Los Payasos de la Tele,2019-04-13,176,
Los Payasos de la Tele,2019-04-14,297,
Los Payasos de la Tele,2019-04-15,180,
Los Payasos de la Tele,2019-04-16,164,
Los Payasos de la Tele,2019-04-17,170,
Los Payasos de la Tele,2019-04-18,163,
Los Payasos de la Tele,2019-04-19,172,
Los Payasos de la Tele,2019-04-20,198,
Los Payasos de la Tele,2019-04-21,192,
Los Payasos de la Tele,2019-04-22,170,
Los Payasos de la Tele,2019-04-23,199,
Los Payasos de la Tele,2019-04-24,500,
Los Payasos de la Tele,2019-04-25,415,
Los Payasos de la Tele,2019-04-26,268,
Los Payasos de la Tele,2019-04-27,243,
Los Payasos de la Tele,2019-04-28,215,
Los Payasos de la Tele,2019-04-29,398,
Los Payasos de la Tele,2019-04-30,915,
Los Payasos de la Tele,2019-05-01,638,
Los Payasos de la Tele,2019-05-02,368,
Los Payasos de la Tele,2019-05-03,392,
Los Payasos de la Tele,2019-05-04,401,
Los Payasos de la Tele,2019-05-05,372,
Los Payasos de la Tele,2019-05-06,288,
Los Payasos de la Tele,2019-05-07,208,
Los Payasos de la Tele,2019-05-08,179,
Los Payasos de la Tele,2019-05-09,179,
Los Payasos de la Tele,2019-05-10,172,
Los Payasos de la Tele,2019-05-11,212,
Los Payasos de la Tele,2019-05-12,204,
Los Payasos de la Tele,2019-05-13,153,
Los Payasos de la Tele,2019-05-14,156,
Los Payasos de la Tele,2019-05-15,297,
Los Payasos de la Tele,2019-05-16,186,
Los Payasos de la Tele,2019-05-17,217,
Los Payasos de la Tele,2019-05-18,179,
Los Payasos de la Tele,2019-05-19,213,
Los Payasos de la Tele,2019-05-20,165,
Los Payasos de la Tele,2019-05-21,242,
Los Payasos de la Tele,2019-05-22,218,
Los Payasos de la Tele,2019-05-23,152,
Los Payasos de la Tele,2019-05-24,359,
Los Payasos de la Tele,2019-05-25,187,
Los Payasos de la Tele,2019-05-26,245,
Los Payasos de la Tele,2019-05-27,132,
Los Payasos de la Tele,2019-05-28,148,
Los Payasos de la Tele,2019-05-29,212,
Los Payasos de la Tele,2019-05-30,170,
Los Payasos de la Tele,2019-05-31,154,
Los Payasos de la Tele,2019-06-01,157,
Los Payasos de la Tele,2019-06-02,201,
Los Payasos de la Tele,2019-06-03,192,
Los Payasos de la Tele,2019-06-04,127,
Los Payasos de la Tele,2019-06-05,140,
Los Payasos de la Tele,2019-06-06,147,
Los Payasos de la Tele,2019-06-07,194,
Los Payasos de la Tele,2019-06-08,289,
Los Payasos de la Tele,2019-06-09,302,
Los Payasos de la Tele,2019-06-10,208,
Los Payasos de la Tele,2019-06-11,491,
Los Payasos de la Tele,2019-06-12,364,
Los Payasos de la Tele,2019-06-13,234,
Los Payasos de la Tele,2019-06-14,161,
Los Payasos de la Tele,2019-06-15,264,
Los Payasos de la Tele,2019-06-16,191,
Los Payasos de la Tele,2019-06-17,205,
Los Payasos de la Tele,2019-06-18,241,
Luis Miguel,2019-03-11,8410,83432
Luis Miguel,2019-03-12,6353,
Luis Miguel,2019-03-13,6436,
Luis Miguel,2019-03-14,7886,
Luis Miguel,2019-03-15,7793,
Luis Miguel,2019-03-16,8530,
Luis Miguel,2019-03-17,10565,
Luis Miguel,2019-03-18,6329,
Luis Miguel,2019-03-19,5822,
Luis Miguel,2019-03-20,7441,
Luis Miguel,2019-03-21,8075,
Luis Miguel,2019-03-22,8239,
Luis Miguel,2019-03-23,6142,
Luis Miguel,2019-03-24,6203,
Luis Miguel,2019-03-25,5452,
Luis Miguel,2019-03-26,4394,
Luis Miguel,2019-03-27,4588,
Luis Miguel,2019-03-28,3960,
Luis Miguel,2019-03-29,3602,
Luis Miguel,2019-03-30,4927,
Luis Miguel,2019-03-31,5092,
Luis Miguel,2019-04-01,4490,
Luis Miguel,2019-04-02,3866,
Luis Miguel,2019-04-03,3109,
Luis Miguel,2019-04-04,3016,
Luis Miguel,2019-04-05,3665,
Luis Miguel,2019-04-06,3801,
Luis Miguel,2019-04-07,3998,
Luis Miguel,2019-04-08,3415,
Luis Miguel,2019-04-09,2987,
Luis Miguel,2019-04-10,2944,
Luis Miguel,2019-04-11,2864,
Luis Miguel,2019-04-12,2804,
Luis Miguel,2019-04-13,3370,
Luis Miguel,2019-04-14,4108,
Luis Miguel,2019-04-15,3697,
Luis Miguel,2019-04-16,5451,
Luis Miguel,2019-04-17,4823,
Luis Miguel,2019-04-18,5791,
Luis Miguel,2019-04-19,34318,
Luis Miguel,2019-04-20,23513,
Luis Miguel,2019-04-21,9032,
Luis Miguel,2019-04-22,4317,
Luis Miguel,2019-04-23,3452,
Luis Miguel,2019-04-24,3382,
Luis Miguel,2019-04-25,3361,
Luis Miguel,2019-04-26,3141,
Luis Miguel,2019-04-27,3835,
Luis Miguel,2019-04-28,3428,
Luis Miguel,2019-04-29,2794,
Luis Miguel,2019-04-30,2483,
Luis Miguel,2019-05-01,3002,
Luis Miguel,2019-05-02,2884,
Luis Miguel,2019-05-03,2519,
Luis Miguel,2019-05-04,2874,
Luis Miguel,2019-05-05,3939,
Luis Miguel,2019-05-06,2633,
Luis Miguel,2019-05-07,2307,
Luis Miguel,2019-05-08,2473,
Luis Miguel,2019-05-09,2814,
Luis Miguel,2019-05-10,2489,
Luis Miguel,2019-05-11,3006,
Luis Miguel,2019-05-12,3178,
Luis Miguel,2019-05-13,2653,
Luis Miguel,2019-05-14,2434,
Luis Miguel,2019-05-15,2538,
Luis Miguel,2019-05-16,2452,
Luis Miguel,2019-05-17,2467,
Luis Miguel,2019-05-18,2688,
Luis Miguel,2019-05-19,3154,
Luis Miguel,2019-05-20,2512,
Luis Miguel,2019-05-21,2427,
Luis Miguel,2019-05-22,2371,
Luis Miguel,2019-05-23,2367,
Luis Miguel,2019-05-24,2301,
Luis Miguel,2019-05-25,2551,
Luis Miguel,2019-05-26,2994,
Luis Miguel,2019-05-27,2642,
Luis Miguel,2019-05-28,2502,
Luis Miguel,2019-05-29,2513,
Luis Miguel,2019-05-30,2474,
Luis Miguel,2019-05-31,3118,
Luis Miguel,2019-06-01,2664,
Luis Miguel,2019-06-02,3036,
Luis Miguel,2019-06-03,2705,
Luis Miguel,2019-06-04,2391,
Luis Miguel,2019-06-05,2492,
Luis Miguel,2019-06-06,2513,
Luis Miguel,2019-06-07,2249,
Luis Miguel,2019-06-08,2672,
Luis Miguel,2019-06-09,3137,
Luis Miguel,2019-06-10,2731,
Luis Miguel,2019-06-11,3637,
Luis Miguel,2019-06-12,2565,
Luis Miguel,2019-06-13,2614,
Luis Miguel,2019-06-14,2565,
Luis Miguel,2019-06-15,2900,
Luis Miguel,2019-06-16,3345,
Luis Miguel,2019-06-17,3051,
Luis Miguel,2019-06-18,2718,
Marisol,2019-03-11,298,-23
Marisol,2019-03-12,378,
Marisol,2019-03-13,640,
Marisol,2019-03-14,423,
Marisol,2019-03-15,378,
Marisol,2019-03-16,468,
Marisol,2019-03-17,537,
Marisol,2019-03-18,482,
Marisol,2019-03-19,302,
Marisol,2019-03-20,996,
Marisol,2019-03-21,400,
Marisol,2019-03-22,333,
Marisol,2019-03-23,377,
Marisol,2019-03-24,546,
Marisol,2019-03-25,1129,
Marisol,2019-03-26,1539,
Marisol,2019-03-27,1144,
Marisol,2019-03-28,421,
Marisol,2019-03-29,444,
Marisol,2019-03-30,678,
Marisol,2019-03-31,2173,
Marisol,2019-04-01,389,
Marisol,2019-04-02,313,
Marisol,2019-04-03,297,
Marisol,2019-04-04,350,
Marisol,2019-04-05,541,
Marisol,2019-04-06,494,
Marisol,2019-04-07,416,
Marisol,2019-04-08,382,
Marisol,2019-04-09,363,
Marisol,2019-04-10,297,
Marisol,2019-04-11,343,
Marisol,2019-04-12,542,
Marisol,2019-04-13,866,
Marisol,2019-04-14,452,
Marisol,2019-04-15,361,
Marisol,2019-04-16,354,
Marisol,2019-04-17,403,
Marisol,2019-04-18,354,
Marisol,2019-04-19,373,
Marisol,2019-04-20,431,
Marisol,2019-04-21,626,
Marisol,2019-04-22,368,
Marisol,2019-04-23,338,
Marisol,2019-04-24,300,
Marisol,2019-04-25,389,
Marisol,2019-04-26,227,
Marisol,2019-04-27,347,
Marisol,2019-04-28,499,
Marisol,2019-04-29,302,
Marisol,2019-04-30,352,
Marisol,2019-05-01,315,
Marisol,2019-05-02,454,
Marisol,2019-05-03,339,
Marisol,2019-05-04,302,
Marisol,2019-05-05,418,
Marisol,2019-05-06,652,
Marisol,2019-05-07,431,
Marisol,2019-05-08,357,
Marisol,2019-05-09,635,
Marisol,2019-05-10,486,
Marisol,2019-05-11,1158,
Marisol,2019-05-12,596,
Marisol,2019-05-13,470,
Marisol,2019-05-14,585,
Marisol,2019-05-15,404,
Marisol,2019-05-16,786,
Marisol,2019-05-17,447,
Marisol,2019-05-18,543,
Marisol,2019-05-19,625,
Marisol,2019-05-20,659,
Marisol,2019-05-21,462,
Marisol,2019-05-22,526,
Marisol,2019-05-23,426,
Marisol,2019-05-24,391,
Marisol,2019-05-25,376,
Marisol,2019-05-26,476,
Marisol,2019-05-27,340,
Marisol,2019-05-28,367,
Marisol,2019-05-29,356,
Marisol,2019-05-30,310,
Marisol,2019-05-31,382,
Marisol,2019-06-01,322,
Marisol,2019-06-02,442,
Marisol,2019-06-03,307,
Marisol,2019-06-04,303,
Marisol,2019-06-05,280,
Marisol,2019-06-06,262,
Marisol,2019-06-07,310,
Marisol,2019-06-08,384,
Marisol,2019-06-09,322,
Marisol,2019-06-10,278,
Marisol,2019-06-11,358,
Marisol,2019-06-12,331,
Marisol,2019-06-13,312,
Marisol,2019-06-14,309,
Marisol,2019-06-15,296,
Marisol,2019-06-16,390,
Marisol,2019-06-17,286,
Marisol,2019-06-18,306,
María Isabel López,2019-03-11,97,4
María Isabel López,2019-03-12,80,
María Isabel López,2019-03-13,76,
María Isabel López,2019-03-14,104,
María Isabel López,2019-03-15,100,
María Isabel López,2019-03-16,112,
María Isabel López,2019-03-17,110,
María Isabel López,2019-03-18,92,
María Isabel López,2019-03-19,81,
María Isabel López,2019-03-20,77,
María Isabel López,2019-03-21,98,
María Isabel López,2019-03-22,119,
María Isabel López,2019-03-23,147,
María Isabel López,2019-03-24,138,
María Isabel López,2019-03-25,99,
María Isabel López,2019-03-26,115,
María Isabel López,2019-03-27,102,
María Isabel López,2019-03-28,115,
María Isabel López,2019-03-29,163,
María Isabel López,2019-03-30,203,
María Isabel López,2019-03-31,114,
María Isabel López,2019-04-01,124,
María Isabel López,2019-04-02,107,
María Isabel López,2019-04-03,187,
María Isabel López,2019-04-04,219,
María Isabel López,2019-04-05,259,
María Isabel López,2019-04-06,194,
María Isabel López,2019-04-07,212,
María Isabel López,2019-04-08,145,
María Isabel López,2019-04-09,100,
María Isabel López,2019-04-10,124,
María Isabel López,2019-04-11,95,
María Isabel López,2019-04-12,118,
María Isabel López,2019-04-13,104,
María Isabel López,2019-04-14,163,
María Isabel López,2019-04-15,112,
María Isabel López,2019-04-16,90,
María Isabel López,2019-04-17,158,
María Isabel López,2019-04-18,142,
María Isabel López,2019-04-19,184,
María Isabel López,2019-04-20,153,
María Isabel López,2019-04-21,225,
María Isabel López,2019-04-22,139,
María Isabel López,2019-04-23,118,
María Isabel López,2019-04-24,118,
María Isabel López,2019-04-25,109,
María Isabel López,2019-04-26,104,
María Isabel López,2019-04-27,93,
María Isabel López,2019-04-28,73,
María Isabel López,2019-04-29,92,
María Isabel López,2019-04-30,96,
María Isabel López,2019-05-01,117,
María Isabel López,2019-05-02,88,
María Isabel López,2019-05-03,109,
María Isabel López,2019-05-04,135,
María Isabel López,2019-05-05,145,
María Isabel López,2019-05-06,155,
María Isabel López,2019-05-07,112,
María Isabel López,2019-05-08,96,
María Isabel López,2019-05-09,142,
María Isabel López,2019-05-10,161,
María Isabel López,2019-05-11,140,
María Isabel López,2019-05-12,128,
María Isabel López,2019-05-13,131,
María Isabel López,2019-05-14,216,
María Isabel López,2019-05-15,137,
María Isabel López,2019-05-16,205,
María Isabel López,2019-05-17,356,
María Isabel López,2019-05-18,4207,
María Isabel López,2019-05-19,2203,
María Isabel López,2019-05-20,931,
María Isabel López,2019-05-21,422,
María Isabel López,2019-05-22,788,
María Isabel López,2019-05-23,1635,
María Isabel López,2019-05-24,1434,
María Isabel López,2019-05-25,724,
María Isabel López,2019-05-26,703,
María Isabel López,2019-05-27,544,
María Isabel López,2019-05-28,355,
María Isabel López,2019-05-29,364,
María Isabel López,2019-05-30,478,
María Isabel López,2019-05-31,405,
María Isabel López,2019-06-01,289,
María Isabel López,2019-06-02,432,
María Isabel López,2019-06-03,247,
María Isabel López,2019-06-04,214,
María Isabel López,2019-06-05,189,
María Isabel López,2019-06-06,250,
María Isabel López,2019-06-07,243,
María Isabel López,2019-06-08,281,
María Isabel López,2019-06-09,216,
María Isabel López,2019-06-10,206,
María Isabel López,2019-06-11,308,
María Isabel López,2019-06-12,228,
María Isabel López,2019-06-13,213,
María Isabel López,2019-06-14,224,
María Isabel López,2019-06-15,443,
María Isabel López,2019-06-16,429,
María Isabel López,2019-06-17,351,
María Isabel López,2019-06-18,421,
María Jesús Grados Ventura,2019-03-11,21,-34
María Jesús Grados Ventura,2019-03-12,80,
María Jesús Grados Ventura,2019-03-13,35,
María Jesús Grados Ventura,2019-03-14,12985,
María Jesús Grados Ventura,2019-03-15,286,
María Jesús Grados Ventura,2019-03-16,114,
María Jesús Grados Ventura,2019-03-17,75,
María Jesús Grados Ventura,2019-03-18,69,
María Jesús Grados Ventura,2019-03-19,44,
María Jesús Grados Ventura,2019-03-20,36,
María Jesús Grados Ventura,2019-03-21,48,
María Jesús Grados Ventura,2019-03-22,38,
María Jesús Grados Ventura,2019-03-23,53,
María Jesús Grados Ventura,2019-03-24,39,
María Jesús Grados Ventura,2019-03-25,23,
María Jesús Grados Ventura,2019-03-26,23,
María Jesús Grados Ventura,2019-03-27,51,
María Jesús Grados Ventura,2019-03-28,32,
María Jesús Grados Ventura,2019-03-29,58,
María Jesús Grados Ventura,2019-03-30,42,
María Jesús Grados Ventura,2019-03-31,59,
María Jesús Grados Ventura,2019-04-01,55,
María Jesús Grados Ventura,2019-04-02,92,
María Jesús Grados Ventura,2019-04-03,40,
María Jesús Grados Ventura,2019-04-04,276,
María Jesús Grados Ventura,2019-04-05,72,
María Jesús Grados Ventura,2019-04-06,63,
María Jesús Grados Ventura,2019-04-07,137,
María Jesús Grados Ventura,2019-04-08,36,
María Jesús Grados Ventura,2019-04-09,38,
María Jesús Grados Ventura,2019-04-10,38,
María Jesús Grados Ventura,2019-04-11,45,
María Jesús Grados Ventura,2019-04-12,53,
María Jesús Grados Ventura,2019-04-13,36,
María Jesús Grados Ventura,2019-04-14,58,
María Jesús Grados Ventura,2019-04-15,68,
María Jesús Grados Ventura,2019-04-16,31,
María Jesús Grados Ventura,2019-04-17,36,
María Jesús Grados Ventura,2019-04-18,54,
María Jesús Grados Ventura,2019-04-19,47,
María Jesús Grados Ventura,2019-04-20,40,
María Jesús Grados Ventura,2019-04-21,48,
María Jesús Grados Ventura,2019-04-22,36,
María Jesús Grados Ventura,2019-04-23,29,
María Jesús Grados Ventura,2019-04-24,30,
María Jesús Grados Ventura,2019-04-25,41,
María Jesús Grados Ventura,2019-04-26,42,
María Jesús Grados Ventura,2019-04-27,179,
María Jesús Grados Ventura,2019-04-28,26,
María Jesús Grados Ventura,2019-04-29,24,
María Jesús Grados Ventura,2019-04-30,41,
María Jesús Grados Ventura,2019-05-01,46,
María Jesús Grados Ventura,2019-05-02,24,
María Jesús Grados Ventura,2019-05-03,32,
María Jesús Grados Ventura,2019-05-04,48,
María Jesús Grados Ventura,2019-05-05,49,
María Jesús Grados Ventura,2019-05-06,39,
María Jesús Grados Ventura,2019-05-07,27,
María Jesús Grados Ventura,2019-05-08,23,
María Jesús Grados Ventura,2019-05-09,14,
María Jesús Grados Ventura,2019-05-10,22,
María Jesús Grados Ventura,2019-05-11,39,
María Jesús Grados Ventura,2019-05-12,141,
María Jesús Grados Ventura,2019-05-13,36,
María Jesús Grados Ventura,2019-05-14,36,
María Jesús Grados Ventura,2019-05-15,34,
María Jesús Grados Ventura,2019-05-16,25,
María Jesús Grados Ventura,2019-05-17,36,
María Jesús Grados Ventura,2019-05-18,124,
María Jesús Grados Ventura,2019-05-19,44,
María Jesús Grados Ventura,2019-05-20,24,
María Jesús Grados Ventura,2019-05-21,21,
María Jesús Grados Ventura,2019-05-22,29,
María Jesús Grados Ventura,2019-05-23,24,
María Jesús Grados Ventura,2019-05-24,27,
María Jesús Grados Ventura,2019-05-25,53,
María Jesús Grados Ventura,2019-05-26,38,
María Jesús Grados Ventura,2019-05-27,33,
María Jesús Grados Ventura,2019-05-28,45,
María Jesús Grados Ventura,2019-05-29,35,
María Jesús Grados Ventura,2019-05-30,21,
María Jesús Grados Ventura,2019-05-31,27,
María Jesús Grados Ventura,2019-06-01,47,
María Jesús Grados Ventura,2019-06-02,26,
María Jesús Grados Ventura,2019-06-03,75,
María Jesús Grados Ventura,2019-06-04,20,
María Jesús Grados Ventura,2019-06-05,29,
María Jesús Grados Ventura,2019-06-06,33,
María Jesús Grados Ventura,2019-06-07,31,
María Jesús Grados Ventura,2019-06-08,48,
María Jesús Grados Ventura,2019-06-09,48,
María Jesús Grados Ventura,2019-06-10,48,
María Jesús Grados Ventura,2019-06-11,118,
María Jesús Grados Ventura,2019-06-12,51,
María Jesús Grados Ventura,2019-06-13,22,
María Jesús Grados Ventura,2019-06-14,36,
María Jesús Grados Ventura,2019-06-15,31,
María Jesús Grados Ventura,2019-06-16,34,
María Jesús Grados Ventura,2019-06-17,25,
María Jesús Grados Ventura,2019-06-18,41,
Mecano,2019-03-11,505,-13
Mecano,2019-03-12,451,
Mecano,2019-03-13,491,
Mecano,2019-03-14,522,
Mecano,2019-03-15,708,
Mecano,2019-03-16,495,
Mecano,2019-03-17,508,
Mecano,2019-03-18,428,
Mecano,2019-03-19,445,
Mecano,2019-03-20,464,
Mecano,2019-03-21,435,
Mecano,2019-03-22,550,
Mecano,2019-03-23,619,
Mecano,2019-03-24,752,
Mecano,2019-03-25,498,
Mecano,2019-03-26,534,
Mecano,2019-03-27,578,
Mecano,2019-03-28,1612,
Mecano,2019-03-29,1071,
Mecano,2019-03-30,892,
Mecano,2019-03-31,724,
Mecano,2019-04-01,662,
Mecano,2019-04-02,567,
Mecano,2019-04-03,549,
Mecano,2019-04-04,534,
Mecano,2019-04-05,630,
Mecano,2019-04-06,609,
Mecano,2019-04-07,557,
Mecano,2019-04-08,666,
Mecano,2019-04-09,649,
Mecano,2019-04-10,496,
Mecano,2019-04-11,470,
Mecano,2019-04-12,1784,
Mecano,2019-04-13,887,
Mecano,2019-04-14,677,
Mecano,2019-04-15,540,
Mecano,2019-04-16,450,
Mecano,2019-04-17,484,
Mecano,2019-04-18,447,
Mecano,2019-04-19,503,
Mecano,2019-04-20,521,
Mecano,2019-04-21,539,
Mecano,2019-04-22,768,
Mecano,2019-04-23,476,
Mecano,2019-04-24,464,
Mecano,2019-04-25,998,
Mecano,2019-04-26,612,
Mecano,2019-04-27,576,
Mecano,2019-04-28,535,
Mecano,2019-04-29,493,
Mecano,2019-04-30,478,
Mecano,2019-05-01,704,
Mecano,2019-05-02,642,
Mecano,2019-05-03,559,
Mecano,2019-05-04,587,
Mecano,2019-05-05,611,
Mecano,2019-05-06,606,
Mecano,2019-05-07,1293,
Mecano,2019-05-08,620,
Mecano,2019-05-09,563,
Mecano,2019-05-10,540,
Mecano,2019-05-11,542,
Mecano,2019-05-12,604,
Mecano,2019-05-13,645,
Mecano,2019-05-14,567,
Mecano,2019-05-15,559,
Mecano,2019-05-16,678,
Mecano,2019-05-17,533,
Mecano,2019-05-18,536,
Mecano,2019-05-19,585,
Mecano,2019-05-20,510,
Mecano,2019-05-21,528,
Mecano,2019-05-22,495,
Mecano,2019-05-23,494,
Mecano,2019-05-24,523,
Mecano,2019-05-25,491,
Mecano,2019-05-26,497,
Mecano,2019-05-27,539,
Mecano,2019-05-28,568,
Mecano,2019-05-29,454,
Mecano,2019-05-30,490,
Mecano,2019-05-31,445,
Mecano,2019-06-01,552,
Mecano,2019-06-02,528,
Mecano,2019-06-03,482,
Mecano,2019-06-04,553,
Mecano,2019-06-05,531,
Mecano,2019-06-06,535,
Mecano,2019-06-07,1509,
Mecano,2019-06-08,1225,
Mecano,2019-06-09,625,
Mecano,2019-06-10,523,
Mecano,2019-06-11,527,
Mecano,2019-06-12,462,
Mecano,2019-06-13,441,
Mecano,2019-06-14,405,
Mecano,2019-06-15,421,
Mecano,2019-06-16,484,
Mecano,2019-06-17,461,
Mecano,2019-06-18,453,
Melody,2019-03-11,623,86
Melody,2019-03-12,466,
Melody,2019-03-13,467,
Melody,2019-03-14,526,
Melody,2019-03-15,602,
Melody,2019-03-16,588,
Melody,2019-03-17,593,
Melody,2019-03-18,439,
Melody,2019-03-19,357,
Melody,2019-03-20,297,
Melody,2019-03-21,375,
Melody,2019-03-22,441,
Melody,2019-03-23,474,
Melody,2019-03-24,514,
Melody,2019-03-25,381,
Melody,2019-03-26,341,
Melody,2019-03-27,311,
Melody,2019-03-28,427,
Melody,2019-03-29,463,
Melody,2019-03-30,808,
Melody,2019-03-31,955,
Melody,2019-04-01,607,
Melody,2019-04-02,372,
Melody,2019-04-03,366,
Melody,2019-04-04,353,
Melody,2019-04-05,6180,
Melody,2019-04-06,1916,
Melody,2019-04-07,766,
Melody,2019-04-08,433,
Melody,2019-04-09,414,
Melody,2019-04-10,864,
Melody,2019-04-11,355,
Melody,2019-04-12,559,
Melody,2019-04-13,471,
Melody,2019-04-14,459,
Melody,2019-04-15,351,
Melody,2019-04-16,343,
Melody,2019-04-17,470,
Melody,2019-04-18,463,
Melody,2019-04-19,1261,
Melody,2019-04-20,513,
Melody,2019-04-21,602,
Melody,2019-04-22,431,
Melody,2019-04-23,293,
Melody,2019-04-24,368,
Melody,2019-04-25,394,
Melody,2019-04-26,478,
Melody,2019-04-27,499,
Melody,2019-04-28,470,
Melody,2019-04-29,332,
Melody,2019-04-30,352,
Melody,2019-05-01,460,
Melody,2019-05-02,328,
Melody,2019-05-03,377,
Melody,2019-05-04,432,
Melody,2019-05-05,435,
Melody,2019-05-06,765,
Melody,2019-05-07,383,
Melody,2019-05-08,375,
Melody,2019-05-09,368,
Melody,2019-05-10,466,
Melody,2019-05-11,469,
Melody,2019-05-12,541,
Melody,2019-05-13,396,
Melody,2019-05-14,616,
Melody,2019-05-15,383,
Melody,2019-05-16,369,
Melody,2019-05-17,358,
Melody,2019-05-18,630,
Melody,2019-05-19,625,
Melody,2019-05-20,440,
Melody,2019-05-21,301,
Melody,2019-05-22,369,
Melody,2019-05-23,515,
Melody,2019-05-24,401,
Melody,2019-05-25,450,
Melody,2019-05-26,418,
Melody,2019-05-27,353,
Melody,2019-05-28,525,
Melody,2019-05-29,487,
Melody,2019-05-30,355,
Melody,2019-05-31,324,
Melody,2019-06-01,360,
Melody,2019-06-02,420,
Melody,2019-06-03,290,
Melody,2019-06-04,304,
Melody,2019-06-05,319,
Melody,2019-06-06,292,
Melody,2019-06-07,373,
Melody,2019-06-08,389,
Melody,2019-06-09,402,
Melody,2019-06-10,313,
Melody,2019-06-11,977,
Melody,2019-06-12,383,
Melody,2019-06-13,406,
Melody,2019-06-14,363,
Melody,2019-06-15,433,
Melody,2019-06-16,368,
Melody,2019-06-17,373,
Melody,2019-06-18,367,
Menudo,2019-03-11,363,-2
Menudo,2019-03-12,420,
Menudo,2019-03-13,482,
Menudo,2019-03-14,548,
Menudo,2019-03-15,614,
Menudo,2019-03-16,556,
Menudo,2019-03-17,657,
Menudo,2019-03-18,494,
Menudo,2019-03-19,722,
Menudo,2019-03-20,748,
Menudo,2019-03-21,579,
Menudo,2019-03-22,620,
Menudo,2019-03-23,677,
Menudo,2019-03-24,941,
Menudo,2019-03-25,491,
Menudo,2019-03-26,406,
Menudo,2019-03-27,419,
Menudo,2019-03-28,361,
Menudo,2019-03-29,436,
Menudo,2019-03-30,456,
Menudo,2019-03-31,626,
Menudo,2019-04-01,380,
Menudo,2019-04-02,518,
Menudo,2019-04-03,1483,
Menudo,2019-04-04,672,
Menudo,2019-04-05,704,
Menudo,2019-04-06,784,
Menudo,2019-04-07,675,
Menudo,2019-04-08,580,
Menudo,2019-04-09,430,
Menudo,2019-04-10,442,
Menudo,2019-04-11,430,
Menudo,2019-04-12,393,
Menudo,2019-04-13,518,
Menudo,2019-04-14,513,
Menudo,2019-04-15,401,
Menudo,2019-04-16,410,
Menudo,2019-04-17,373,
Menudo,2019-04-18,445,
Menudo,2019-04-19,459,
Menudo,2019-04-20,493,
Menudo,2019-04-21,498,
Menudo,2019-04-22,371,
Menudo,2019-04-23,347,
Menudo,2019-04-24,343,
Menudo,2019-04-25,411,
Menudo,2019-04-26,418,
Menudo,2019-04-27,426,
Menudo,2019-04-28,571,
Menudo,2019-04-29,398,
Menudo,2019-04-30,395,
Menudo,2019-05-01,465,
Menudo,2019-05-02,446,
Menudo,2019-05-03,438,
Menudo,2019-05-04,390,
Menudo,2019-05-05,539,
Menudo,2019-05-06,386,
Menudo,2019-05-07,390,
Menudo,2019-05-08,376,
Menudo,2019-05-09,444,
Menudo,2019-05-10,401,
Menudo,2019-05-11,467,
Menudo,2019-05-12,546,
Menudo,2019-05-13,350,
Menudo,2019-05-14,370,
Menudo,2019-05-15,363,
Menudo,2019-05-16,381,
Menudo,2019-05-17,386,
Menudo,2019-05-18,503,
Menudo,2019-05-19,532,
Menudo,2019-05-20,368,
Menudo,2019-05-21,344,
Menudo,2019-05-22,365,
Menudo,2019-05-23,404,
Menudo,2019-05-24,484,
Menudo,2019-05-25,431,
Menudo,2019-05-26,652,
Menudo,2019-05-27,414,
Menudo,2019-05-28,409,
Menudo,2019-05-29,464,
Menudo,2019-05-30,390,
Menudo,2019-05-31,375,
Menudo,2019-06-01,419,
Menudo,2019-06-02,578,
Menudo,2019-06-03,541,
Menudo,2019-06-04,384,
Menudo,2019-06-05,408,
Menudo,2019-06-06,447,
Menudo,2019-06-07,502,
Menudo,2019-06-08,549,
Menudo,2019-06-09,588,
Menudo,2019-06-10,406,
Menudo,2019-06-11,482,
Menudo,2019-06-12,530,
Menudo,2019-06-13,509,
Menudo,2019-06-14,618,
Menudo,2019-06-15,545,
Menudo,2019-06-16,728,
Menudo,2019-06-17,638,
Menudo,2019-06-18,525,
Palito Ortega,2019-03-11,416,47
Palito Ortega,2019-03-12,634,
Palito Ortega,2019-03-13,621,
Palito Ortega,2019-03-14,529,
Palito Ortega,2019-03-15,431,
Palito Ortega,2019-03-16,469,
Palito Ortega,2019-03-17,2016,
Palito Ortega,2019-03-18,603,
Palito Ortega,2019-03-19,489,
Palito Ortega,2019-03-20,554,
Palito Ortega,2019-03-21,395,
Palito Ortega,2019-03-22,435,
Palito Ortega,2019-03-23,449,
Palito Ortega,2019-03-24,619,
Palito Ortega,2019-03-25,374,
Palito Ortega,2019-03-26,375,
Palito Ortega,2019-03-27,459,
Palito Ortega,2019-03-28,391,
Palito Ortega,2019-03-29,310,
Palito Ortega,2019-03-30,383,
Palito Ortega,2019-03-31,526,
Palito Ortega,2019-04-01,363,
Palito Ortega,2019-04-02,362,
Palito Ortega,2019-04-03,348,
Palito Ortega,2019-04-04,451,
Palito Ortega,2019-04-05,451,
Palito Ortega,2019-04-06,1071,
Palito Ortega,2019-04-07,539,
Palito Ortega,2019-04-08,957,
Palito Ortega,2019-04-09,898,
Palito Ortega,2019-04-10,420,
Palito Ortega,2019-04-11,381,
Palito Ortega,2019-04-12,350,
Palito Ortega,2019-04-13,386,
Palito Ortega,2019-04-14,452,
Palito Ortega,2019-04-15,525,
Palito Ortega,2019-04-16,536,
Palito Ortega,2019-04-17,393,
Palito Ortega,2019-04-18,877,
Palito Ortega,2019-04-19,596,
Palito Ortega,2019-04-20,1732,
Palito Ortega,2019-04-21,1913,
Palito Ortega,2019-04-22,526,
Palito Ortega,2019-04-23,417,
Palito Ortega,2019-04-24,2316,
Palito Ortega,2019-04-25,450,
Palito Ortega,2019-04-26,366,
Palito Ortega,2019-04-27,456,
Palito Ortega,2019-04-28,1833,
Palito Ortega,2019-04-29,639,
Palito Ortega,2019-04-30,499,
Palito Ortega,2019-05-01,453,
Palito Ortega,2019-05-02,394,
Palito Ortega,2019-05-03,360,
Palito Ortega,2019-05-04,552,
Palito Ortega,2019-05-05,556,
Palito Ortega,2019-05-06,510,
Palito Ortega,2019-05-07,498,
Palito Ortega,2019-05-08,421,
Palito Ortega,2019-05-09,361,
Palito Ortega,2019-05-10,402,
Palito Ortega,2019-05-11,503,
Palito Ortega,2019-05-12,1434,
Palito Ortega,2019-05-13,541,
Palito Ortega,2019-05-14,477,
Palito Ortega,2019-05-15,415,
Palito Ortega,2019-05-16,362,
Palito Ortega,2019-05-17,367,
Palito Ortega,2019-05-18,433,
Palito Ortega,2019-05-19,705,
Palito Ortega,2019-05-20,518,
Palito Ortega,2019-05-21,404,
Palito Ortega,2019-05-22,331,
Palito Ortega,2019-05-23,328,
Palito Ortega,2019-05-24,453,
Palito Ortega,2019-05-25,523,
Palito Ortega,2019-05-26,491,
Palito Ortega,2019-05-27,410,
Palito Ortega,2019-05-28,326,
Palito Ortega,2019-05-29,345,
Palito Ortega,2019-05-30,343,
Palito Ortega,2019-05-31,316,
Palito Ortega,2019-06-01,454,
Palito Ortega,2019-06-02,421,
Palito Ortega,2019-06-03,331,
Palito Ortega,2019-06-04,21568,
Palito Ortega,2019-06-05,575,
Palito Ortega,2019-06-06,420,
Palito Ortega,2019-06-07,417,
Palito Ortega,2019-06-08,398,
Palito Ortega,2019-06-09,543,
Palito Ortega,2019-06-10,1394,
Palito Ortega,2019-06-11,1177,
Palito Ortega,2019-06-12,411,
Palito Ortega,2019-06-13,406,
Palito Ortega,2019-06-14,2102,
Palito Ortega,2019-06-15,496,
Palito Ortega,2019-06-16,502,
Palito Ortega,2019-06-17,482,
Palito Ortega,2019-06-18,517,
Parchís,2019-03-11,1428,136
Parchís,2019-03-12,2494,
Parchís,2019-03-13,2458,
Parchís,2019-03-14,1726,
Parchís,2019-03-15,1345,
Parchís,2019-03-16,1049,
Parchís,2019-03-17,628,
Parchís,2019-03-18,463,
Parchís,2019-03-19,386,
Parchís,2019-03-20,357,
Parchís,2019-03-21,409,
Parchís,2019-03-22,421,
Parchís,2019-03-23,504,
Parchís,2019-03-24,578,
Parchís,2019-03-25,363,
Parchís,2019-03-26,333,
Parchís,2019-03-27,265,
Parchís,2019-03-28,269,
Parchís,2019-03-29,244,
Parchís,2019-03-30,286,
Parchís,2019-03-31,343,
Parchís,2019-04-01,224,
Parchís,2019-04-02,234,
Parchís,2019-04-03,256,
Parchís,2019-04-04,209,
Parchís,2019-04-05,2587,
Parchís,2019-04-06,568,
Parchís,2019-04-07,381,
Parchís,2019-04-08,257,
Parchís,2019-04-09,253,
Parchís,2019-04-10,256,
Parchís,2019-04-11,195,
Parchís,2019-04-12,216,
Parchís,2019-04-13,214,
Parchís,2019-04-14,237,
Parchís,2019-04-15,217,
Parchís,2019-04-16,246,
Parchís,2019-04-17,237,
Parchís,2019-04-18,353,
Parchís,2019-04-19,218,
Parchís,2019-04-20,240,
Parchís,2019-04-21,259,
Parchís,2019-04-22,226,
Parchís,2019-04-23,171,
Parchís,2019-04-24,197,
Parchís,2019-04-25,191,
Parchís,2019-04-26,191,
Parchís,2019-04-27,216,
Parchís,2019-04-28,222,
Parchís,2019-04-29,174,
Parchís,2019-04-30,252,
Parchís,2019-05-01,248,
Parchís,2019-05-02,233,
Parchís,2019-05-03,185,
Parchís,2019-05-04,177,
Parchís,2019-05-05,226,
Parchís,2019-05-06,148,
Parchís,2019-05-07,159,
Parchís,2019-05-08,209,
Parchís,2019-05-09,1024,
Parchís,2019-05-10,336,
Parchís,2019-05-11,275,
Parchís,2019-05-12,218,
Parchís,2019-05-13,182,
Parchís,2019-05-14,158,
Parchís,2019-05-15,221,
Parchís,2019-05-16,303,
Parchís,2019-05-17,204,
Parchís,2019-05-18,252,
Parchís,2019-05-19,250,
Parchís,2019-05-20,184,
Parchís,2019-05-21,236,
Parchís,2019-05-22,202,
Parchís,2019-05-23,219,
Parchís,2019-05-24,175,
Parchís,2019-05-25,278,
Parchís,2019-05-26,199,
Parchís,2019-05-27,170,
Parchís,2019-05-28,177,
Parchís,2019-05-29,182,
Parchís,2019-05-30,159,
Parchís,2019-05-31,174,
Parchís,2019-06-01,318,
Parchís,2019-06-02,304,
Parchís,2019-06-03,168,
Parchís,2019-06-04,158,
Parchís,2019-06-05,193,
Parchís,2019-06-06,201,
Parchís,2019-06-07,362,
Parchís,2019-06-08,304,
Parchís,2019-06-09,196,
Parchís,2019-06-10,155,
Parchís,2019-06-11,1046,
Parchís,2019-06-12,1346,
Parchís,2019-06-13,841,
Parchís,2019-06-14,384,
Parchís,2019-06-15,347,
Parchís,2019-06-16,315,
Parchís,2019-06-17,869,
Parchís,2019-06-18,3906,
Pedro Fernández,2019-03-11,553,-32
Pedro Fernández,2019-03-12,492,
Pedro Fernández,2019-03-13,568,
Pedro Fernández,2019-03-14,595,
Pedro Fernández,2019-03-15,696,
Pedro Fernández,2019-03-16,786,
Pedro Fernández,2019-03-17,1441,
Pedro Fernández,2019-03-18,1398,
Pedro Fernández,2019-03-19,665,
Pedro Fernández,2019-03-20,624,
Pedro Fernández,2019-03-21,682,
Pedro Fernández,2019-03-22,662,
Pedro Fernández,2019-03-23,853,
Pedro Fernández,2019-03-24,1200,
Pedro Fernández,2019-03-25,675,
Pedro Fernández,2019-03-26,574,
Pedro Fernández,2019-03-27,480,
Pedro Fernández,2019-03-28,484,
Pedro Fernández,2019-03-29,456,
Pedro Fernández,2019-03-30,533,
Pedro Fernández,2019-03-31,1444,
Pedro Fernández,2019-04-01,500,
Pedro Fernández,2019-04-02,426,
Pedro Fernández,2019-04-03,463,
Pedro Fernández,2019-04-04,430,
Pedro Fernández,2019-04-05,509,
Pedro Fernández,2019-04-06,750,
Pedro Fernández,2019-04-07,1187,
Pedro Fernández,2019-04-08,627,
Pedro Fernández,2019-04-09,461,
Pedro Fernández,2019-04-10,414,
Pedro Fernández,2019-04-11,528,
Pedro Fernández,2019-04-12,445,
Pedro Fernández,2019-04-13,483,
Pedro Fernández,2019-04-14,1489,
Pedro Fernández,2019-04-15,618,
Pedro Fernández,2019-04-16,415,
Pedro Fernández,2019-04-17,351,
Pedro Fernández,2019-04-18,450,
Pedro Fernández,2019-04-19,430,
Pedro Fernández,2019-04-20,460,
Pedro Fernández,2019-04-21,515,
Pedro Fernández,2019-04-22,496,
Pedro Fernández,2019-04-23,758,
Pedro Fernández,2019-04-24,608,
Pedro Fernández,2019-04-25,580,
Pedro Fernández,2019-04-26,647,
Pedro Fernández,2019-04-27,1047,
Pedro Fernández,2019-04-28,2393,
Pedro Fernández,2019-04-29,554,
Pedro Fernández,2019-04-30,385,
Pedro Fernández,2019-05-01,424,
Pedro Fernández,2019-05-02,389,
Pedro Fernández,2019-05-03,379,
Pedro Fernández,2019-05-04,435,
Pedro Fernández,2019-05-05,1120,
Pedro Fernández,2019-05-06,489,
Pedro Fernández,2019-05-07,379,
Pedro Fernández,2019-05-08,418,
Pedro Fernández,2019-05-09,500,
Pedro Fernández,2019-05-10,859,
Pedro Fernández,2019-05-11,1146,
Pedro Fernández,2019-05-12,803,
Pedro Fernández,2019-05-13,611,
Pedro Fernández,2019-05-14,408,
Pedro Fernández,2019-05-15,462,
Pedro Fernández,2019-05-16,390,
Pedro Fernández,2019-05-17,556,
Pedro Fernández,2019-05-18,494,
Pedro Fernández,2019-05-19,1378,
Pedro Fernández,2019-05-20,622,
Pedro Fernández,2019-05-21,495,
Pedro Fernández,2019-05-22,368,
Pedro Fernández,2019-05-23,443,
Pedro Fernández,2019-05-24,393,
Pedro Fernández,2019-05-25,477,
Pedro Fernández,2019-05-26,894,
Pedro Fernández,2019-05-27,471,
Pedro Fernández,2019-05-28,434,
Pedro Fernández,2019-05-29,483,
Pedro Fernández,2019-05-30,471,
Pedro Fernández,2019-05-31,395,
Pedro Fernández,2019-06-01,503,
Pedro Fernández,2019-06-02,1125,
Pedro Fernández,2019-06-03,489,
Pedro Fernández,2019-06-04,348,
Pedro Fernández,2019-06-05,371,
Pedro Fernández,2019-06-06,408,
Pedro Fernández,2019-06-07,415,
Pedro Fernández,2019-06-08,432,
Pedro Fernández,2019-06-09,1118,
Pedro Fernández,2019-06-10,472,
Pedro Fernández,2019-06-11,427,
Pedro Fernández,2019-06-12,501,
Pedro Fernández,2019-06-13,428,
Pedro Fernández,2019-06-14,510,
Pedro Fernández,2019-06-15,540,
Pedro Fernández,2019-06-16,759,
Pedro Fernández,2019-06-17,649,
Pedro Fernández,2019-06-18,514,
Regaliz,2019-03-11,19,275
Regaliz,2019-03-12,26,
Regaliz,2019-03-13,27,
Regaliz,2019-03-14,21,
Regaliz,2019-03-15,14,
Regaliz,2019-03-16,5,
Regaliz,2019-03-17,22,
Regaliz,2019-03-18,18,
Regaliz,2019-03-19,13,
Regaliz,2019-03-20,10,
Regaliz,2019-03-21,11,
Regaliz,2019-03-22,13,
Regaliz,2019-03-23,10,
Regaliz,2019-03-24,15,
Regaliz,2019-03-25,12,
Regaliz,2019-03-26,9,
Regaliz,2019-03-27,3,
Regaliz,2019-03-28,4,
Regaliz,2019-03-29,6,
Regaliz,2019-03-30,14,
Regaliz,2019-03-31,12,
Regaliz,2019-04-01,8,
Regaliz,2019-04-02,11,
Regaliz,2019-04-03,11,
Regaliz,2019-04-04,7,
Regaliz,2019-04-05,23,
Regaliz,2019-04-06,20,
Regaliz,2019-04-07,18,
Regaliz,2019-04-08,8,
Regaliz,2019-04-09,12,
Regaliz,2019-04-10,11,
Regaliz,2019-04-11,8,
Regaliz,2019-04-12,10,
Regaliz,2019-04-13,18,
Regaliz,2019-04-14,14,
Regaliz,2019-04-15,6,
Regaliz,2019-04-16,7,
Regaliz,2019-04-17,7,
Regaliz,2019-04-18,10,
Regaliz,2019-04-19,10,
Regaliz,2019-04-20,18,
Regaliz,2019-04-21,15,
Regaliz,2019-04-22,8,
Regaliz,2019-04-23,12,
Regaliz,2019-04-24,11,
Regaliz,2019-04-25,7,
Regaliz,2019-04-26,15,
Regaliz,2019-04-27,13,
Regaliz,2019-04-28,8,
Regaliz,2019-04-29,5,
Regaliz,2019-04-30,7,
Regaliz,2019-05-01,18,
Regaliz,2019-05-02,15,
Regaliz,2019-05-03,9,
Regaliz,2019-05-04,14,
Regaliz,2019-05-05,12,
Regaliz,2019-05-06,12,
Regaliz,2019-05-07,7,
Regaliz,2019-05-08,12,
Regaliz,2019-05-09,1207,
Regaliz,2019-05-10,195,
Regaliz,2019-05-11,80,
Regaliz,2019-05-12,34,
Regaliz,2019-05-13,31,
Regaliz,2019-05-14,13,
Regaliz,2019-05-15,13,
Regaliz,2019-05-16,20,
Regaliz,2019-05-17,19,
Regaliz,2019-05-18,23,
Regaliz,2019-05-19,18,
Regaliz,2019-05-20,12,
Regaliz,2019-05-21,12,
Regaliz,2019-05-22,11,
Regaliz,2019-05-23,9,
Regaliz,2019-05-24,9,
Regaliz,2019-05-25,12,
Regaliz,2019-05-26,14,
Regaliz,2019-05-27,12,
Regaliz,2019-05-28,13,
Regaliz,2019-05-29,19,
Regaliz,2019-05-30,12,
Regaliz,2019-05-31,11,
Regaliz,2019-06-01,9,
Regaliz,2019-06-02,13,
Regaliz,2019-06-03,15,
Regaliz,2019-06-04,7,
Regaliz,2019-06-05,8,
Regaliz,2019-06-06,10,
Regaliz,2019-06-07,9,
Regaliz,2019-06-08,15,
Regaliz,2019-06-09,8,
Regaliz,2019-06-10,18,
Regaliz,2019-06-11,105,
Regaliz,2019-06-12,34,
Regaliz,2019-06-13,22,
Regaliz,2019-06-14,19,
Regaliz,2019-06-15,19,
Regaliz,2019-06-16,18,
Regaliz,2019-06-17,14,
Regaliz,2019-06-18,85,
Teresa Rabal,2019-03-11,282,729
Teresa Rabal,2019-03-12,207,
Teresa Rabal,2019-03-13,211,
Teresa Rabal,2019-03-14,172,
Teresa Rabal,2019-03-15,105,
Teresa Rabal,2019-03-16,101,
Teresa Rabal,2019-03-17,94,
Teresa Rabal,2019-03-18,100,
Teresa Rabal,2019-03-19,93,
Teresa Rabal,2019-03-20,244,
Teresa Rabal,2019-03-21,73,
Teresa Rabal,2019-03-22,80,
Teresa Rabal,2019-03-23,153,
Teresa Rabal,2019-03-24,96,
Teresa Rabal,2019-03-25,84,
Teresa Rabal,2019-03-26,65,
Teresa Rabal,2019-03-27,177,
Teresa Rabal,2019-03-28,68,
Teresa Rabal,2019-03-29,110,
Teresa Rabal,2019-03-30,169,
Teresa Rabal,2019-03-31,113,
Teresa Rabal,2019-04-01,49,
Teresa Rabal,2019-04-02,69,
Teresa Rabal,2019-04-03,72,
Teresa Rabal,2019-04-04,107,
Teresa Rabal,2019-04-05,104,
Teresa Rabal,2019-04-06,106,
Teresa Rabal,2019-04-07,132,
Teresa Rabal,2019-04-08,66,
Teresa Rabal,2019-04-09,80,
Teresa Rabal,2019-04-10,89,
Teresa Rabal,2019-04-11,67,
Teresa Rabal,2019-04-12,68,
Teresa Rabal,2019-04-13,94,
Teresa Rabal,2019-04-14,67,
Teresa Rabal,2019-04-15,58,
Teresa Rabal,2019-04-16,67,
Teresa Rabal,2019-04-17,72,
Teresa Rabal,2019-04-18,84,
Teresa Rabal,2019-04-19,91,
Teresa Rabal,2019-04-20,87,
Teresa Rabal,2019-04-21,103,
Teresa Rabal,2019-04-22,67,
Teresa Rabal,2019-04-23,61,
Teresa Rabal,2019-04-24,66,
Teresa Rabal,2019-04-25,78,
Teresa Rabal,2019-04-26,100,
Teresa Rabal,2019-04-27,81,
Teresa Rabal,2019-04-28,72,
Teresa Rabal,2019-04-29,56,
Teresa Rabal,2019-04-30,67,
Teresa Rabal,2019-05-01,81,
Teresa Rabal,2019-05-02,65,
Teresa Rabal,2019-05-03,223,
Teresa Rabal,2019-05-04,265,
Teresa Rabal,2019-05-05,304,
Teresa Rabal,2019-05-06,152,
Teresa Rabal,2019-05-07,434,
Teresa Rabal,2019-05-08,155,
Teresa Rabal,2019-05-09,1860,
Teresa Rabal,2019-05-10,389,
Teresa Rabal,2019-05-11,304,
Teresa Rabal,2019-05-12,246,
Teresa Rabal,2019-05-13,108,
Teresa Rabal,2019-05-14,94,
Teresa Rabal,2019-05-15,125,
Teresa Rabal,2019-05-16,110,
Teresa Rabal,2019-05-17,175,
Teresa Rabal,2019-05-18,169,
Teresa Rabal,2019-05-19,207,
Teresa Rabal,2019-05-20,108,
Teresa Rabal,2019-05-21,97,
Teresa Rabal,2019-05-22,110,
Teresa Rabal,2019-05-23,104,
Teresa Rabal,2019-05-24,97,
Teresa Rabal,2019-05-25,143,
Teresa Rabal,2019-05-26,95,
Teresa Rabal,2019-05-27,75,
Teresa Rabal,2019-05-28,373,
Teresa Rabal,2019-05-29,182,
Teresa Rabal,2019-05-30,223,
Teresa Rabal,2019-05-31,124,
Teresa Rabal,2019-06-01,168,
Teresa Rabal,2019-06-02,128,
Teresa Rabal,2019-06-03,76,
Teresa Rabal,2019-06-04,200,
Teresa Rabal,2019-06-05,92,
Teresa Rabal,2019-06-06,109,
Teresa Rabal,2019-06-07,139,
Teresa Rabal,2019-06-08,186,
Teresa Rabal,2019-06-09,2997,
Teresa Rabal,2019-06-10,1898,
Teresa Rabal,2019-06-11,1725,
Teresa Rabal,2019-06-12,900,
Teresa Rabal,2019-06-13,415,
Teresa Rabal,2019-06-14,295,
Teresa Rabal,2019-06-15,254,
Teresa Rabal,2019-06-16,177,
Teresa Rabal,2019-06-17,133,
Teresa Rabal,2019-06-18,131,
The Jackson 5,2019-03-11,515,-21
The Jackson 5,2019-03-12,519,
The Jackson 5,2019-03-13,500,
The Jackson 5,2019-03-14,537,
The Jackson 5,2019-03-15,519,
The Jackson 5,2019-03-16,511,
The Jackson 5,2019-03-17,614,
The Jackson 5,2019-03-18,623,
The Jackson 5,2019-03-19,662,
The Jackson 5,2019-03-20,613,
The Jackson 5,2019-03-21,568,
The Jackson 5,2019-03-22,599,
The Jackson 5,2019-03-23,545,
The Jackson 5,2019-03-24,613,
The Jackson 5,2019-03-25,498,
The Jackson 5,2019-03-26,420,
The Jackson 5,2019-03-27,421,
The Jackson 5,2019-03-28,448,
The Jackson 5,2019-03-29,372,
The Jackson 5,2019-03-30,381,
The Jackson 5,2019-03-31,367,
The Jackson 5,2019-04-01,323,
The Jackson 5,2019-04-02,373,
The Jackson 5,2019-04-03,448,
The Jackson 5,2019-04-04,388,
The Jackson 5,2019-04-05,299,
The Jackson 5,2019-04-06,356,
The Jackson 5,2019-04-07,368,
The Jackson 5,2019-04-08,374,
The Jackson 5,2019-04-09,393,
The Jackson 5,2019-04-10,353,
The Jackson 5,2019-04-11,294,
The Jackson 5,2019-04-12,299,
The Jackson 5,2019-04-13,333,
The Jackson 5,2019-04-14,747,
The Jackson 5,2019-04-15,288,
The Jackson 5,2019-04-16,230,
The Jackson 5,2019-04-17,260,
The Jackson 5,2019-04-18,249,
The Jackson 5,2019-04-19,328,
The Jackson 5,2019-04-20,274,
The Jackson 5,2019-04-21,310,
The Jackson 5,2019-04-22,254,
The Jackson 5,2019-04-23,268,
The Jackson 5,2019-04-24,296,
The Jackson 5,2019-04-25,270,
The Jackson 5,2019-04-26,241,
The Jackson 5,2019-04-27,294,
The Jackson 5,2019-04-28,272,
The Jackson 5,2019-04-29,266,
The Jackson 5,2019-04-30,242,
The Jackson 5,2019-05-01,261,
The Jackson 5,2019-05-02,330,
The Jackson 5,2019-05-03,255,
The Jackson 5,2019-05-04,323,
The Jackson 5,2019-05-05,313,
The Jackson 5,2019-05-06,296,
The Jackson 5,2019-05-07,275,
The Jackson 5,2019-05-08,275,
The Jackson 5,2019-05-09,273,
The Jackson 5,2019-05-10,247,
The Jackson 5,2019-05-11,275,
The Jackson 5,2019-05-12,320,
The Jackson 5,2019-05-13,272,
The Jackson 5,2019-05-14,244,
The Jackson 5,2019-05-15,270,
The Jackson 5,2019-05-16,252,
The Jackson 5,2019-05-17,257,
The Jackson 5,2019-05-18,279,
The Jackson 5,2019-05-19,293,
The Jackson 5,2019-05-20,291,
The Jackson 5,2019-05-21,220,
The Jackson 5,2019-05-22,255,
The Jackson 5,2019-05-23,250,
The Jackson 5,2019-05-24,259,
The Jackson 5,2019-05-25,285,
The Jackson 5,2019-05-26,276,
The Jackson 5,2019-05-27,255,
The Jackson 5,2019-05-28,263,
The Jackson 5,2019-05-29,268,
The Jackson 5,2019-05-30,280,
The Jackson 5,2019-05-31,245,
The Jackson 5,2019-06-01,200,
The Jackson 5,2019-06-02,259,
The Jackson 5,2019-06-03,240,
The Jackson 5,2019-06-04,272,
The Jackson 5,2019-06-05,250,
The Jackson 5,2019-06-06,288,
The Jackson 5,2019-06-07,327,
The Jackson 5,2019-06-08,250,
The Jackson 5,2019-06-09,328,
The Jackson 5,2019-06-10,262,
The Jackson 5,2019-06-11,266,
The Jackson 5,2019-06-12,242,
The Jackson 5,2019-06-13,244,
The Jackson 5,2019-06-14,238,
The Jackson 5,2019-06-15,211,
The Jackson 5,2019-06-16,268,
The Jackson 5,2019-06-17,268,
The Jackson 5,2019-06-18,250,
Topo Gigio,2019-03-11,390,-4
Topo Gigio,2019-03-12,373,
Topo Gigio,2019-03-13,339,
Topo Gigio,2019-03-14,334,
Topo Gigio,2019-03-15,361,
Topo Gigio,2019-03-16,387,
Topo Gigio,2019-03-17,435,
Topo Gigio,2019-03-18,366,
Topo Gigio,2019-03-19,368,
Topo Gigio,2019-03-20,361,
Topo Gigio,2019-03-21,544,
Topo Gigio,2019-03-22,348,
Topo Gigio,2019-03-23,366,
Topo Gigio,2019-03-24,422,
Topo Gigio,2019-03-25,355,
Topo Gigio,2019-03-26,305,
Topo Gigio,2019-03-27,305,
Topo Gigio,2019-03-28,295,
Topo Gigio,2019-03-29,295,
Topo Gigio,2019-03-30,398,
Topo Gigio,2019-03-31,261,
Topo Gigio,2019-04-01,244,
Topo Gigio,2019-04-02,215,
Topo Gigio,2019-04-03,232,
Topo Gigio,2019-04-04,216,
Topo Gigio,2019-04-05,215,
Topo Gigio,2019-04-06,262,
Topo Gigio,2019-04-07,270,
Topo Gigio,2019-04-08,303,
Topo Gigio,2019-04-09,412,
Topo Gigio,2019-04-10,248,
Topo Gigio,2019-04-11,229,
Topo Gigio,2019-04-12,235,
Topo Gigio,2019-04-13,232,
Topo Gigio,2019-04-14,270,
Topo Gigio,2019-04-15,199,
Topo Gigio,2019-04-16,204,
Topo Gigio,2019-04-17,240,
Topo Gigio,2019-04-18,231,
Topo Gigio,2019-04-19,258,
Topo Gigio,2019-04-20,271,
Topo Gigio,2019-04-21,266,
Topo Gigio,2019-04-22,218,
Topo Gigio,2019-04-23,418,
Topo Gigio,2019-04-24,290,
Topo Gigio,2019-04-25,232,
Topo Gigio,2019-04-26,300,
Topo Gigio,2019-04-27,253,
Topo Gigio,2019-04-28,276,
Topo Gigio,2019-04-29,226,
Topo Gigio,2019-04-30,359,
Topo Gigio,2019-05-01,640,
Topo Gigio,2019-05-02,1996,
Topo Gigio,2019-05-03,1001,
Topo Gigio,2019-05-04,712,
Topo Gigio,2019-05-05,552,
Topo Gigio,2019-05-06,409,
Topo Gigio,2019-05-07,306,
Topo Gigio,2019-05-08,284,
Topo Gigio,2019-05-09,312,
Topo Gigio,2019-05-10,311,
Topo Gigio,2019-05-11,254,
Topo Gigio,2019-05-12,308,
Topo Gigio,2019-05-13,193,
Topo Gigio,2019-05-14,240,
Topo Gigio,2019-05-15,209,
Topo Gigio,2019-05-16,223,
Topo Gigio,2019-05-17,253,
Topo Gigio,2019-05-18,298,
Topo Gigio,2019-05-19,311,
Topo Gigio,2019-05-20,219,
Topo Gigio,2019-05-21,262,
Topo Gigio,2019-05-22,262,
Topo Gigio,2019-05-23,270,
Topo Gigio,2019-05-24,244,
Topo Gigio,2019-05-25,276,
Topo Gigio,2019-05-26,286,
Topo Gigio,2019-05-27,242,
Topo Gigio,2019-05-28,318,
Topo Gigio,2019-05-29,226,
Topo Gigio,2019-05-30,208,
Topo Gigio,2019-05-31,222,
Topo Gigio,2019-06-01,220,
Topo Gigio,2019-06-02,266,
Topo Gigio,2019-06-03,220,
Topo Gigio,2019-06-04,209,
Topo Gigio,2019-06-05,256,
Topo Gigio,2019-06-06,257,
Topo Gigio,2019-06-07,230,
Topo Gigio,2019-06-08,235,
Topo Gigio,2019-06-09,239,
Topo Gigio,2019-06-10,264,
Topo Gigio,2019-06-11,310,
Topo Gigio,2019-06-12,348,
Topo Gigio,2019-06-13,288,
Topo Gigio,2019-06-14,241,
Topo Gigio,2019-06-15,303,
Topo Gigio,2019-06-16,525,
Topo Gigio,2019-06-17,387,
Topo Gigio,2019-06-18,261,
Torrebruno,2019-03-11,42,793
Torrebruno,2019-03-12,57,
Torrebruno,2019-03-13,37,
Torrebruno,2019-03-14,78,
Torrebruno,2019-03-15,66,
Torrebruno,2019-03-16,77,
Torrebruno,2019-03-17,77,
Torrebruno,2019-03-18,47,
Torrebruno,2019-03-19,61,
Torrebruno,2019-03-20,53,
Torrebruno,2019-03-21,46,
Torrebruno,2019-03-22,87,
Torrebruno,2019-03-23,58,
Torrebruno,2019-03-24,40,
Torrebruno,2019-03-25,57,
Torrebruno,2019-03-26,45,
Torrebruno,2019-03-27,47,
Torrebruno,2019-03-28,53,
Torrebruno,2019-03-29,64,
Torrebruno,2019-03-30,85,
Torrebruno,2019-03-31,76,
Torrebruno,2019-04-01,43,
Torrebruno,2019-04-02,70,
Torrebruno,2019-04-03,63,
Torrebruno,2019-04-04,74,
Torrebruno,2019-04-05,55,
Torrebruno,2019-04-06,66,
Torrebruno,2019-04-07,63,
Torrebruno,2019-04-08,44,
Torrebruno,2019-04-09,55,
Torrebruno,2019-04-10,52,
Torrebruno,2019-04-11,56,
Torrebruno,2019-04-12,55,
Torrebruno,2019-04-13,44,
Torrebruno,2019-04-14,57,
Torrebruno,2019-04-15,43,
Torrebruno,2019-04-16,53,
Torrebruno,2019-04-17,48,
Torrebruno,2019-04-18,65,
Torrebruno,2019-04-19,64,
Torrebruno,2019-04-20,83,
Torrebruno,2019-04-21,82,
Torrebruno,2019-04-22,82,
Torrebruno,2019-04-23,40,
Torrebruno,2019-04-24,52,
Torrebruno,2019-04-25,61,
Torrebruno,2019-04-26,67,
Torrebruno,2019-04-27,71,
Torrebruno,2019-04-28,40,
Torrebruno,2019-04-29,56,
Torrebruno,2019-04-30,50,
Torrebruno,2019-05-01,57,
Torrebruno,2019-05-02,64,
Torrebruno,2019-05-03,62,
Torrebruno,2019-05-04,54,
Torrebruno,2019-05-05,67,
Torrebruno,2019-05-06,37,
Torrebruno,2019-05-07,78,
Torrebruno,2019-05-08,58,
Torrebruno,2019-05-09,44,
Torrebruno,2019-05-10,74,
Torrebruno,2019-05-11,61,
Torrebruno,2019-05-12,111,
Torrebruno,2019-05-13,59,
Torrebruno,2019-05-14,44,
Torrebruno,2019-05-15,72,
Torrebruno,2019-05-16,75,
Torrebruno,2019-05-17,57,
Torrebruno,2019-05-18,76,
Torrebruno,2019-05-19,78,
Torrebruno,2019-05-20,42,
Torrebruno,2019-05-21,72,
Torrebruno,2019-05-22,63,
Torrebruno,2019-05-23,49,
Torrebruno,2019-05-24,72,
Torrebruno,2019-05-25,61,
Torrebruno,2019-05-26,58,
Torrebruno,2019-05-27,47,
Torrebruno,2019-05-28,46,
Torrebruno,2019-05-29,70,
Torrebruno,2019-05-30,37,
Torrebruno,2019-05-31,51,
Torrebruno,2019-06-01,53,
Torrebruno,2019-06-02,105,
Torrebruno,2019-06-03,239,
Torrebruno,2019-06-04,81,
Torrebruno,2019-06-05,57,
Torrebruno,2019-06-06,47,
Torrebruno,2019-06-07,118,
Torrebruno,2019-06-08,91,
Torrebruno,2019-06-09,141,
Torrebruno,2019-06-10,70,
Torrebruno,2019-06-11,643,
Torrebruno,2019-06-12,435,
Torrebruno,2019-06-13,208,
Torrebruno,2019-06-14,104,
Torrebruno,2019-06-15,98,
Torrebruno,2019-06-16,64,
Torrebruno,2019-06-17,222,
Torrebruno,2019-06-18,118,
